id,monto,descripcion,cuenta,categoria,comentario,fecha,tipo
379,5,Groceries,Cash,Groceries,,01/04/2024,Expense
380,10,Groceries,Cash,Groceries,Almuerzo,01/04/2024,Expense
381,150,Parqueo,Cash,Parking,Parqueo Mes,01/04/2024,Expense
382,10,Groceries,Cash,Groceries,,01/04/2024,Expense
383,74.14,Fuel,3.BAC Gold Mastercard,Fuel,2193 KM,01/04/2024,Expense
384,31,Cena,3.BAC Gold Mastercard,Restaurants,Cena,01/04/2024,Expense
385,29,Almuerzo,3.BAC Gold Mastercard,Restaurants,Almuerzo,02/04/2024,Expense
386,10,Groceries,Cash,Groceries,,02/04/2024,Expense
387,20,Corte Pelo,Cash,Clothing,,02/04/2024,Expense
388,56.11,Tools,3.BAC Gold Mastercard,Tools,Materiales Electronica,03/04/2024,Expense
389,33,Gift,3.BAC Gold Mastercard,Gifts,Internet Movil,03/04/2024,Expense
390,16,Internet,3.BAC Gold Mastercard,Internet,,03/04/2024,Expense
391,20,Mantenimiento Moto,Cash,Motorcycle,Lavado,03/04/2024,Expense
392,15,Groceries,Cash,Groceries,,04/04/2024,Expense
393,5,Loss,Cash,Loss,,05/04/2024,Expense
394,10,Parqueo,3.BAC Gold Mastercard,Parking,Parqueo Portales,05/04/2024,Expense
395,65,Fuel,3.BAC Gold Mastercard,Fuel,Portales y vistares,05/04/2024,Expense
396,45,Almuerzo,3.BAC Gold Mastercard,Restaurants,,05/04/2024,Expense
397,79.92,Spotify,1.BI Premier VISA,Subscriptions,,06/04/2024,Expense
398,10,Parqueo U,Cash,Parking,Universidad,07/04/2024,Expense
399,20,Reintegro,Monetaria BAC,Cash Refund,Spotify,07/04/2024,Income
400,50,Almuerzo,Cash,Restaurants,Universidad,07/04/2024,Expense
401,15,Reintegro,Monetaria BAC,Cash Refund,Universidad,07/04/2024,Income
402,15,Reintegro,Cash,Cash Refund,Universidad,07/04/2024,Income
403,18,Desayuno,3.BAC Gold Mastercard,Restaurants,Desayuno,08/04/2024,Expense
404,5,Groceries,Cash,Groceries,,08/04/2024,Expense
405,10,Groceries,Cash,Groceries,,08/04/2024,Expense
406,15,Groceries,Cash,Groceries,,09/04/2024,Expense
407,65,Technology,3.BAC Gold Mastercard,Technology,Viaticos Xela,09/04/2024,Expense
408,5,Groceries,Cash,Groceries,,09/04/2024,Expense
409,20,Technology,Cash,Technology,,09/04/2024,Expense
410,15,Parqueo,3.BAC Gold Mastercard,Parking,Parqueo Santa Clara,09/04/2024,Expense
411,25,Groceries,3.BAC Gold Mastercard,Groceries,,10/04/2024,Expense
412,33.64,Fuel,3.BAC Gold Mastercard,Fuel,Santa clara,10/04/2024,Expense
413,10,Parqueo,3.BAC Gold Mastercard,Parking,Parqueo Santa Clara,10/04/2024,Expense
414,10,Groceries,Cash,Groceries,,11/04/2024,Expense
415,18,Peaje VAS,3.BAC Gold Mastercard,Transportation,,12/04/2024,Expense
416,30,Parqueo,3.BAC Gold Mastercard,Parking,Parqueo Aeme,12/04/2024,Expense
417,30,Fuel,3.BAC Gold Mastercard,Fuel,,12/04/2024,Expense
418,15,Groceries,Cash,Groceries,,12/04/2024,Expense
419,3906.42,Planilla Pro Optic,Monetaria BAC,Salary,,13/04/2024,Income
420,1.45,Ajuste,Monetaria BAC,Loss,,13/04/2024,Expense
421,25,Groceries,Cash,Groceries,,13/04/2024,Expense
422,10,Parqueo U,Cash,Parking,Universidad,14/04/2024,Expense
423,15,Groceries,Cash,Groceries,Universidad,14/04/2024,Expense
424,67.5,Reintegro,Monetaria BAC,Cash Refund,,14/04/2024,Income
425,135,Almuerzo,3.BAC Gold Mastercard,Restaurants,Universidad,14/04/2024,Expense
426,20,Gift,Cash,Gifts,Contribución,14/04/2024,Expense
427,15,Desayuno,3.BAC Gold Mastercard,Restaurants,Desayuno,15/04/2024,Expense
428,31,Almuerzo,3.BAC Gold Mastercard,Restaurants,Almuerzo,15/04/2024,Expense
429,9.67,Uber,1.BI Premier VISA,Transportation,Uber,15/04/2024,Expense
430,206.44,Mantenimiento Moto,3.BAC Gold Mastercard,Motorcycle,2do Servicio ñ,15/04/2024,Expense
431,30,Parqueo,3.BAC Gold Mastercard,Parking,Parqueo Aeme,15/04/2024,Expense
432,18,Peaje VAS,3.BAC Gold Mastercard,Transportation,,15/04/2024,Expense
433,37,Almuerzo,3.BAC Gold Mastercard,Restaurants,Almuerzo,16/04/2024,Expense
434,15,Fuel,3.BAC Gold Mastercard,Fuel,Oakland,16/04/2024,Expense
435,15,Parqueo Oakland,3.BAC Gold Mastercard,Parking,Parqueo Oakland,16/04/2024,Expense
436,15,Fuel,3.BAC Gold Mastercard,Fuel,Aeme,16/04/2024,Expense
437,15,Desayuno,3.BAC Gold Mastercard,Restaurants,Desayuno,17/04/2024,Expense
438,32,Almuerzo,3.BAC Gold Mastercard,Restaurants,Almuerzo,17/04/2024,Expense
439,23,Almuerzo,3.BAC Gold Mastercard,Restaurants,Almuerzo,17/04/2024,Expense
440,15,Parqueo,3.BAC Gold Mastercard,Parking,Parqueo Pradera Concep,17/04/2024,Expense
441,19.94,Tools,3.BAC Gold Mastercard,Tools,Pradera Concepción,17/04/2024,Expense
442,30,Parqueo,3.BAC Gold Mastercard,Parking,Parqueo Aeme,17/04/2024,Expense
443,70.15,Fuel,3.BAC Gold Mastercard,Fuel,Pradera Concepción,17/04/2024,Expense
444,18,Desayuno,3.BAC Gold Mastercard,Restaurants,Desayuno,18/04/2024,Expense
445,1450,Reintegro,Monetaria BAC,Cash Refund,Caja chica General,18/04/2024,Income
446,399,Clothing,3.BAC Gold Mastercard,Clothing,Lentes Ralph,18/04/2024,Expense
447,15,Parqueo Oakland,3.BAC Gold Mastercard,Parking,Parqueo Oakland,18/04/2024,Expense
448,15,Parqueo,3.BAC Gold Mastercard,Parking,Parqueo Santa Clara,18/04/2024,Expense
449,31,Cena,3.BAC Gold Mastercard,Restaurants,Cena,18/04/2024,Expense
450,15,Desayuno,3.BAC Gold Mastercard,Restaurants,Desayuno,19/04/2024,Expense
451,5,Groceries,Cash,Groceries,,19/04/2024,Expense
452,31,Almuerzo,3.BAC Gold Mastercard,Restaurants,Almuerzo,20/04/2024,Expense
453,36.37,Fuel,3.BAC Gold Mastercard,Fuel,Santa clara,20/04/2024,Expense
454,28,Desayuno,Monetaria BAC,Restaurants,Desayuno,21/04/2024,Expense
455,86,Almuerzo,3.BAC Gold Mastercard,Restaurants,Universidad,21/04/2024,Expense
456,31.64,1Password,3.BAC Gold Mastercard,Subscriptions,,21/04/2024,Expense
457,49,Reintegro,Monetaria BAC,Cash Refund,Universidad,21/04/2024,Income
458,78.1,Insumos personales,3.BAC Gold Mastercard,Housing,,21/04/2024,Expense
459,29,Clothing,3.BAC Gold Mastercard,Clothing,,21/04/2024,Expense
460,20,Groceries,Cash,Groceries,,22/04/2024,Expense
461,35,Almuerzo,3.BAC Gold Mastercard,Restaurants,Almuerzo,22/04/2024,Expense
462,5,Parqueo,3.BAC Gold Mastercard,Parking,Parqueo Vistares,22/04/2024,Expense
463,30,Gift,Cash,Gifts,Liquidación caja,22/04/2024,Expense
464,245.83,DR160S BI PREMIER,1.BI Premier VISA,Motorcycle,DR160S,23/04/2024,Expense
465,208.33,DR160S BI MOM,Monetaria BAC,Motorcycle,DR160S,23/04/2024,Expense
466,245.83,DR160S BI PREMIER,1.BI Premier VISA,Motorcycle,DR160S,23/04/2024,Expense
467,236.33,Health,1.BI Premier VISA,Medical & Healthcare,,23/04/2024,Expense
468,342,Technology,1.BI Premier VISA,Technology,,23/04/2024,Expense
469,29,Almuerzo,3.BAC Gold Mastercard,Restaurants,Almuerzo,23/04/2024,Expense
470,154.98,Mantenimiento Moto,3.BAC Gold Mastercard,Motorcycle,Limpieza cera,23/04/2024,Expense
471,55,Fuel,3.BAC Gold Mastercard,Fuel,,23/04/2024,Expense
472,20,Groceries,Cash,Groceries,,24/04/2024,Expense
473,15,Gift,Cash,Gifts,,24/04/2024,Expense
474,11,Internet,3.BAC Gold Mastercard,Internet,,24/04/2024,Expense
475,10,Groceries,Cash,Groceries,,24/04/2024,Expense
476,30,Groceries,Cash,Groceries,Almuerzo,24/04/2024,Expense
477,18,Peaje VAS,3.BAC Gold Mastercard,Transportation,,24/04/2024,Expense
478,49.51,Charges,3.BAC Gold Mastercard,Charges,Seguro Tarjeta,25/04/2024,Expense
479,98.51,Ajuste,3.BAC Gold Mastercard,Loss,,25/04/2024,Expense
480,34,Almuerzo,3.BAC Gold Mastercard,Restaurants,Almuerzo,25/04/2024,Expense
481,15,Parqueo,3.BAC Gold Mastercard,Parking,Parqueo Peri,25/04/2024,Expense
482,154.17,DR160S BAC GOLD,3.BAC Gold Mastercard,Motorcycle,DR160S,25/04/2024,Expense
483,530.22,Mensualidad U,3.BAC Gold Mastercard,Education,Universidad,25/04/2024,Expense
484,335,Motorcicle insurance,3.BAC Gold Mastercard,Insurance,DR160S,25/04/2024,Expense
485,25,Fuel,3.BAC Gold Mastercard,Fuel,Intecap,26/04/2024,Expense
486,20,Peaje VAS,Cash,Transportation,,26/04/2024,Expense
487,154.17,DR160S BAC GOLD,3.BAC Gold Mastercard,Motorcycle,DR160S,26/04/2024,Expense
488,10,Groceries,Cash,Groceries,,26/04/2024,Expense
489,107.01,Technology,3.BAC Gold Mastercard,Technology,Steren,26/04/2024,Expense
490,520,Reintegro,Cash,Cash Refund,Caja chica Q1 Abril,26/04/2024,Income
491,20,Reintegro,Monetaria BAC,Cash Refund,Spotify,27/04/2024,Income
492,40,Reintegro,Monetaria BAC,Cash Refund,Spotify,27/04/2024,Income
493,20,Groceries,Cash,Groceries,,27/04/2024,Expense
494,300,Reintegro,Cash,Cash Refund,Pago de Luz,27/04/2024,Income
495,307.51,Housing,Monetaria BAC,Housing,Pago de Luz,27/04/2024,Expense
496,20,Groceries,Cash,Groceries,,27/04/2024,Expense
497,30,Groceries,Cash,Groceries,,27/04/2024,Expense
498,10,Groceries,Cash,Groceries,,28/04/2024,Expense
499,10,Parqueo,Cash,Parking,Moto,28/04/2024,Expense
500,46,Almuerzo,3.BAC Gold Mastercard,Restaurants,Almuerzo,28/04/2024,Expense
501,21,Bebidas,3.BAC Gold Mastercard,Drinks,,28/04/2024,Expense
502,90.19,Fuel,3.BAC Gold Mastercard,Fuel,Flores de Lago,29/04/2024,Expense
503,95,Mantenimiento Moto,Cash,Motorcycle,Limpieza,29/04/2024,Expense
504,30,Almuerzo,Cash,Restaurants,Almuerzo,29/04/2024,Expense
505,2686.23,Planilla Pro Optic,Monetaria BAC,Salary,,29/04/2024,Income
506,20,Groceries,Cash,Groceries,,29/04/2024,Expense
507,55.18,Ajuste,1.BI Premier VISA,Loss,,30/04/2024,Expense
508,15,Groceries,Cash,Groceries,,30/04/2024,Expense
509,15,Groceries,Cash,Groceries,,30/04/2024,Expense
510,260,Internet Bill,Cash,Internet,,30/04/2024,Expense
511,140,Housing,Cash,Housing,,30/04/2024,Expense
512,26.8,Accesorios,3.BAC Gold Mastercard,Accesorios,AliExpress,01/05/2024,Expense
513,70,Almuerzo,Cash,Restaurants,Salidas,01/05/2024,Expense
514,10,Groceries,Cash,Groceries,,01/05/2024,Expense
515,20,Groceries,3.BAC Gold Mastercard,Groceries,,02/05/2024,Expense
516,15,Groceries,Cash,Groceries,,02/05/2024,Expense
517,50.1,Fuel,3.BAC Gold Mastercard,Fuel,4260 km,02/05/2024,Expense
518,15,Groceries,Cash,Groceries,,03/05/2024,Expense
519,20,Groceries,Cash,Groceries,,03/05/2024,Expense
520,17,Almuerzo,3.BAC Gold Mastercard,Restaurants,Flores de Lago,03/05/2024,Expense
521,15,Groceries,Cash,Groceries,,04/05/2024,Expense
522,32,Technology,3.BAC Gold Mastercard,Technology,Flores de Lago,04/05/2024,Expense
523,21,Groceries,3.BAC Gold Mastercard,Groceries,,04/05/2024,Expense
524,43,Almuerzo,3.BAC Gold Mastercard,Restaurants,Flores de Lago,04/05/2024,Expense
525,5,Tools,Cash,Tools,,05/05/2024,Expense
526,10,Parqueo,Cash,Parking,Moto,05/05/2024,Expense
527,25,Almuerzo,Monetaria BAC,Restaurants,Almuerzo,05/05/2024,Expense
528,20,Groceries,Cash,Groceries,,05/05/2024,Expense
529,10,Parqueo,Cash,Parking,Moto,05/05/2024,Expense
530,10,Groceries,Cash,Groceries,,05/05/2024,Expense
531,20,Groceries,Cash,Groceries,,06/05/2024,Expense
532,79.92,Spotify,1.BI Premier VISA,Subscriptions,,06/05/2024,Expense
533,10,Groceries,Cash,Groceries,,07/05/2024,Expense
534,18,Groceries,3.BAC Gold Mastercard,Groceries,,08/05/2024,Expense
535,82.4,Fuel,3.BAC Gold Mastercard,Fuel,Flores de Lago,08/05/2024,Expense
536,150,Parqueo,Cash,Parking,Parqueo Mes,08/05/2024,Expense
537,10,Groceries,Cash,Groceries,,09/05/2024,Expense
538,90,Reintegro,Cash,Cash Refund,Caja chica Mayo,09/05/2024,Income
539,15,Parqueo Mira,3.BAC Gold Mastercard,Parking,,09/05/2024,Expense
540,61,Almuerzo,3.BAC Gold Mastercard,Restaurants,Almuerzo,10/05/2024,Expense
541,25,Fuel,3.BAC Gold Mastercard,Fuel,,10/05/2024,Expense
542,35,Accesorios,Cash,Accesorios,Topes lentes,10/05/2024,Expense
543,20,Corte Pelo,Cash,Clothing,,11/05/2024,Expense
544,10,Parqueo U,Cash,Parking,Moto|Universidad,12/05/2024,Expense
545,40,Almuerzo,3.BAC Gold Mastercard,Restaurants,Universidad,12/05/2024,Expense
546,10,Groceries,Cash,Groceries,,12/05/2024,Expense
547,25,Reintegro,Monetaria BAC,Cash Refund,,12/05/2024,Income
548,15,Groceries,Cash,Groceries,,12/05/2024,Expense
549,143,Technology,3.BAC Gold Mastercard,Technology,Cables Audio,13/05/2024,Expense
550,38,Desayuno,3.BAC Gold Mastercard,Restaurants,Desayuno,13/05/2024,Expense
551,21,Technology,3.BAC Gold Mastercard,Technology,,13/05/2024,Expense
552,15,Parqueo,3.BAC Gold Mastercard,Parking,Parqueo Aeme,13/05/2024,Expense
553,18,Groceries,3.BAC Gold Mastercard,Groceries,,13/05/2024,Expense
554,10,Groceries,Cash,Groceries,,13/05/2024,Expense
555,2676.33,Planilla Pro Optic,Monetaria BAC,Salary,,13/05/2024,Income
556,10,Groceries,Cash,Groceries,,13/05/2024,Expense
557,65.95,Housing,3.BAC Gold Mastercard,Housing,Chorro Lavamanos,14/05/2024,Expense
558,32,Technology,3.BAC Gold Mastercard,Technology,Regleta,14/05/2024,Expense
559,10,Groceries,Cash,Groceries,,14/05/2024,Expense
560,70,Fuel,3.BAC Gold Mastercard,Fuel,,14/05/2024,Expense
561,10,Parqueo,3.BAC Gold Mastercard,Parking,Parqueo Santa Clara,14/05/2024,Expense
562,29,Cena,3.BAC Gold Mastercard,Restaurants,Cena,14/05/2024,Expense
563,400,Reintegro,Cash,Cash Refund,Caja chica Q1 Mayo,14/05/2024,Income
564,11,Internet,3.BAC Gold Mastercard,Internet,,14/05/2024,Expense
565,45,Reintegro,Monetaria BAC,Cash Refund,,15/05/2024,Income
566,1200,Cajuela Moto,3.BAC Gold Mastercard,Motorcycle,DR160S,15/05/2024,Expense
567,25,Groceries,Cash,Groceries,,15/05/2024,Expense
568,100,Housing,Cash,Housing,,15/05/2024,Expense
569,15,Groceries,Cash,Groceries,,16/05/2024,Expense
570,10,Groceries,Cash,Groceries,,16/05/2024,Expense
571,18,Groceries,3.BAC Gold Mastercard,Groceries,,16/05/2024,Expense
572,55,Tools,Cash,Tools,Tornillos,17/05/2024,Expense
573,15,Tools,Cash,Tools,,17/05/2024,Expense
574,21,Groceries,3.BAC Gold Mastercard,Groceries,,18/05/2024,Expense
575,10,Parqueo U,Cash,Parking,Universidad,19/05/2024,Expense
576,63,Almuerzo,3.BAC Gold Mastercard,Restaurants,Salidas|Universidad,19/05/2024,Expense
577,10,Groceries,Cash,Groceries,,19/05/2024,Expense
578,50,Fuel,3.BAC Gold Mastercard,Fuel,,19/05/2024,Expense
579,10,Almuerzo,Cash,Restaurants,Almuerzo,20/05/2024,Expense
580,20,Groceries,Cash,Groceries,,20/05/2024,Expense
581,29,Almuerzo,3.BAC Gold Mastercard,Restaurants,Almuerzo,21/05/2024,Expense
582,31.64,Internet,3.BAC Gold Mastercard,Internet,,21/05/2024,Expense
583,96.8,Almuerzo,3.BAC Gold Mastercard,Restaurants,Salidas,21/05/2024,Expense
584,50,Fuel,3.BAC Gold Mastercard,Fuel,,22/05/2024,Expense
585,17,Groceries,3.BAC Gold Mastercard,Groceries,,22/05/2024,Expense
586,208.33,DR160S BI MOM,Monetaria BAC,Motorcycle,DR160S,23/05/2024,Expense
587,243.83,DR160S BI PREMIER,1.BI Premier VISA,Motorcycle,DR160S,23/05/2024,Expense
588,252,DR160S DEFENSA,1.BI Premier VISA,Motorcycle,DR160S,23/05/2024,Expense
589,238,DR160S PARRILLA,1.BI Premier VISA,Motorcycle,Moto,23/05/2024,Expense
590,11,Internet,3.BAC Gold Mastercard,Internet,,23/05/2024,Expense
591,11,Internet,3.BAC Gold Mastercard,Internet,,23/05/2024,Expense
592,319.03,Videogames,3.BAC Gold Mastercard,Videogames,Paper Mario,23/05/2024,Expense
593,49.51,Card Insurance,3.BAC Gold Mastercard,Insurance,,24/05/2024,Expense
594,10,Parqueo,3.BAC Gold Mastercard,Parking,Parqueo Santa Clara,24/05/2024,Expense
595,128,Technology,3.BAC Gold Mastercard,Technology,Fuente 12v,24/05/2024,Expense
596,39,Almuerzo,3.BAC Gold Mastercard,Restaurants,Almuerzo,24/05/2024,Expense
597,15,Parqueo Mira,3.BAC Gold Mastercard,Parking,Moto,24/05/2024,Expense
598,20,Fuel,3.BAC Gold Mastercard,Fuel,,24/05/2024,Expense
599,55,Fuel,3.BAC Gold Mastercard,Fuel,,24/05/2024,Expense
600,18,Peaje VAS,3.BAC Gold Mastercard,Transportation,,24/05/2024,Expense
601,100,Housing,Cash,Housing,,24/05/2024,Expense
602,154.1,DR160S BAC GOLD,3.BAC Gold Mastercard,Motorcycle,DR160S,25/05/2024,Expense
603,530.22,Mensualidad U,3.BAC Gold Mastercard,Education,Universidad,25/05/2024,Expense
604,335,Motorcicle insurance,3.BAC Gold Mastercard,Insurance,DR160S,25/05/2024,Expense
605,65,Almuerzo,Cash,Restaurants,Salidas,25/05/2024,Expense
606,10,Parqueo U,Cash,Parking,Moto|Universidad,26/05/2024,Expense
607,200,Prestamo,Ahorro BAC,Personal Credit,Yo > Préstamo Kim : Abogados,26/05/2024,Expense
608,43,Almuerzo,3.BAC Gold Mastercard,Restaurants,Almuerzo|Universidad,26/05/2024,Expense
609,100,Almuerzo,Monetaria BAC,Restaurants,Salidas,26/05/2024,Expense
610,5,Loss,Cash,Loss,,27/05/2024,Expense
611,32,Almuerzo,3.BAC Gold Mastercard,Restaurants,Almuerzo,27/05/2024,Expense
612,50,Fuel,3.BAC Gold Mastercard,Fuel,,27/05/2024,Expense
613,15.5,Almuerzo,3.BAC Gold Mastercard,Restaurants,Almuerzo,28/05/2024,Expense
614,15,Uber,Cash,Transportation,,28/05/2024,Expense
615,200,Prestamo,Monetaria BAC,Cash Refund,Kimberly > Yo : Prestamo,28/05/2024,Income
616,588.16,Mantenimiento Moto,3.BAC Gold Mastercard,Motorcycle,6000KM (Cambio Pastillas),28/05/2024,Expense
617,250,Reintegro,Monetaria BAC,Cash Refund,,28/05/2024,Income
618,245.59,Housing,Monetaria BAC,Housing,,28/05/2024,Expense
619,29,Almuerzo,3.BAC Gold Mastercard,Restaurants,Almuerzo,29/05/2024,Expense
620,5,Loss,Cash,Loss,,29/05/2024,Expense
621,12,Almuerzo,3.BAC Gold Mastercard,Restaurants,Salidas,29/05/2024,Expense
622,2617.68,Planilla Pro Optic,Monetaria BAC,Salary,,29/05/2024,Income
623,20,Fuel,3.BAC Gold Mastercard,Fuel,,30/05/2024,Expense
624,18,Groceries,3.BAC Gold Mastercard,Groceries,,30/05/2024,Expense
625,15,Desayuno,3.BAC Gold Mastercard,Restaurants,Desayuno,30/05/2024,Expense
626,15,Groceries,Cash,Groceries,,30/05/2024,Expense
627,5,Groceries,Cash,Groceries,,30/05/2024,Expense
628,18,Peaje VAS,3.BAC Gold Mastercard,Transportation,,31/05/2024,Expense
629,55,Almuerzo,3.BAC Gold Mastercard,Restaurants,Almuerzo,31/05/2024,Expense
630,5,Loss,Cash,Loss,,01/06/2024,Expense
631,15,Groceries,Cash,Groceries,,01/06/2024,Expense
632,0.8,Ajuste,1.BI Premier VISA,Loss,,01/06/2024,Expense
633,30,Clothing,Cash,Clothing,,02/06/2024,Expense
634,10,Parqueo U,Cash,Parking,Universidad,02/06/2024,Expense
635,5,Groceries,Cash,Groceries,,02/06/2024,Expense
636,10,Groceries,Cash,Groceries,,02/06/2024,Expense
637,188.1,Almuerzo,3.BAC Gold Mastercard,Restaurants,Salidas,02/06/2024,Expense
638,90,Reintegro,Monetaria BAC,Cash Refund,,02/06/2024,Income
639,10,Gift,Cash,Gifts,,02/06/2024,Expense
640,18,Almuerzo,3.BAC Gold Mastercard,Restaurants,Almuerzo,03/06/2024,Expense
641,370,Miscellaneous,3.BAC Gold Mastercard,Miscellaneous,Casco,03/06/2024,Expense
642,10,Groceries,Cash,Groceries,,03/06/2024,Expense
643,159.5,Almuerzo,3.BAC Gold Mastercard,Restaurants,Salidas,03/06/2024,Expense
644,260,Internet Bill,Cash,Internet,,03/06/2024,Expense
645,190,Housing,Cash,Housing,,03/06/2024,Expense
646,73,Technology,3.BAC Gold Mastercard,Technology,Displayport,04/06/2024,Expense
647,5,Groceries,Cash,Groceries,,04/06/2024,Expense
648,67.23,Fuel,3.BAC Gold Mastercard,Fuel,Flores de Lago,04/06/2024,Expense
649,10,Tools,Cash,Tools,,04/06/2024,Expense
650,10,Groceries,Cash,Groceries,,05/06/2024,Expense
651,54,Coffee,3.BAC Gold Mastercard,Restaurants,Salidas,05/06/2024,Expense
652,20,Peaje VAS,Cash,Transportation,,06/06/2024,Expense
653,15,Parqueo,3.BAC Gold Mastercard,Parking,Parqueo Aeme,06/06/2024,Expense
654,15,Almuerzo,Cash,Restaurants,Almuerzo,06/06/2024,Expense
655,150,Parqueo,Cash,Parking,Parqueo Mes,06/06/2024,Expense
656,55,Internet,3.BAC Gold Mastercard,Internet,,06/06/2024,Expense
657,16,Technology,3.BAC Gold Mastercard,Technology,,07/06/2024,Expense
658,25,Parqueo,3.BAC Gold Mastercard,Parking,Moto|Caja chica,07/06/2024,Expense
659,20,Groceries,Cash,Groceries,,07/06/2024,Expense
660,50,Reintegro,Cash,Cash Refund,,07/06/2024,Income
661,79.22,Spotify,3.BAC Gold Mastercard,Subscriptions,,07/06/2024,Expense
662,10,Groceries,Cash,Groceries,,08/06/2024,Expense
663,5,Parqueo U,Cash,Parking,Moto|Universidad,09/06/2024,Expense
664,10,Groceries,Cash,Groceries,,09/06/2024,Expense
665,21,Groceries,3.BAC Gold Mastercard,Groceries,,09/06/2024,Expense
666,50,Fuel,3.BAC Gold Mastercard,Fuel,,09/06/2024,Expense
667,10,Parqueo,3.BAC Gold Mastercard,Parking,Parqueo Santa Clara,09/06/2024,Expense
668,39,Almuerzo,Monetaria BAC,Restaurants,Universidad|Almuerzo,09/06/2024,Expense
669,36,Reintegro,Monetaria BAC,Bonuses & Commissions,,09/06/2024,Income
670,5,Gift,Cash,Gifts,,10/06/2024,Expense
671,490,Clothing,3.BAC Gold Mastercard,Clothing,Mochila,10/06/2024,Expense
672,15,Fuel,Cash,Fuel,,10/06/2024,Expense
673,15,Groceries,Cash,Groceries,,10/06/2024,Expense
674,29,Almuerzo,3.BAC Gold Mastercard,Restaurants,Almuerzo,11/06/2024,Expense
675,15,Parqueo Oakland,3.BAC Gold Mastercard,Parking,Parqueo Oakland,11/06/2024,Expense
676,16,Groceries,3.BAC Gold Mastercard,Groceries,Almuerzo,12/06/2024,Expense
677,5,Groceries,Cash,Groceries,,12/06/2024,Expense
678,73.52,Fuel,3.BAC Gold Mastercard,Fuel,zona sur,12/06/2024,Expense
679,20,Peaje VAS,Cash,Transportation,,12/06/2024,Expense
680,42.74,Technology,3.BAC Gold Mastercard,Technology,Organizador,12/06/2024,Expense
681,64,Coffee,3.BAC Gold Mastercard,Restaurants,Salidas,12/06/2024,Expense
682,40,Almuerzo,3.BAC Gold Mastercard,Restaurants,Almuerzo,13/06/2024,Expense
683,45.47,Technology,3.BAC Gold Mastercard,Technology,Canaletas,13/06/2024,Expense
684,50,Reintegro,Cash,Cash Refund,Caja chica,13/06/2024,Income
685,18,Groceries,3.BAC Gold Mastercard,Groceries,,14/06/2024,Expense
686,55,Internet,3.BAC Gold Mastercard,Internet,Caja chica,14/06/2024,Expense
687,2127.37,Planilla Pro Optic,Monetaria BAC,Salary,,14/06/2024,Income
688,39.57,Videogames,3.BAC Gold Mastercard,Videogames,Terraria,15/06/2024,Expense
689,25,Reintegro,Cash,Cash Refund,,15/06/2024,Income
690,15,Groceries,Cash,Groceries,,15/06/2024,Expense
691,5,Parqueo U,Cash,Parking,Moto|Universidad,16/06/2024,Expense
692,46,Almuerzo,Monetaria BAC,Restaurants,Almuerzo,16/06/2024,Expense
693,50,Reintegro,Monetaria BAC,Cash Refund,,17/06/2024,Income
694,42,Almuerzo,3.BAC Gold Mastercard,Restaurants,Almuerzo,18/06/2024,Expense
695,64,Almuerzo,3.BAC Gold Mastercard,Restaurants,Almuerzo,19/06/2024,Expense
696,18.99,Technology,3.BAC Gold Mastercard,Technology,super bonder,19/06/2024,Expense
697,59.99,Tools,3.BAC Gold Mastercard,Tools,Sombrilla,19/06/2024,Expense
698,60,Almuerzo,3.BAC Gold Mastercard,Restaurants,Salidas,19/06/2024,Expense
699,74,Coffee,3.BAC Gold Mastercard,Restaurants,Salidas,19/06/2024,Expense
700,101.9,Miscellaneous,3.BAC Gold Mastercard,Miscellaneous,AliExpress,19/06/2024,Expense
701,35,Reintegro,Cash,Cash Refund,,19/06/2024,Income
702,5,Groceries,Cash,Groceries,,20/06/2024,Expense
703,75,Fuel,3.BAC Gold Mastercard,Fuel,,20/06/2024,Expense
704,10,Groceries,Cash,Groceries,,20/06/2024,Expense
705,11,Internet,3.BAC Gold Mastercard,Internet,,20/06/2024,Expense
706,18,Peaje VAS,3.BAC Gold Mastercard,Transportation,,21/06/2024,Expense
707,13,Peaje VAS,3.BAC Gold Mastercard,Transportation,,21/06/2024,Expense
708,18.99,Coffee,3.BAC Gold Mastercard,Restaurants,Desayuno,21/06/2024,Expense
709,43,Almuerzo,3.BAC Gold Mastercard,Restaurants,Almuerzo,21/06/2024,Expense
710,31.64,Internet,3.BAC Gold Mastercard,Internet,,21/06/2024,Expense
711,15,Parqueo,3.BAC Gold Mastercard,Parking,Moto,21/06/2024,Expense
712,243.83,DR160S BI PREMIER,1.BI Premier VISA,Motorcycle,DR160S,23/06/2024,Expense
713,252,DR160S DEFENSA,1.BI Premier VISA,Motorcycle,DR160S,23/06/2024,Expense
714,238,DR160S PARRILLA,1.BI Premier VISA,Motorcycle,Moto,23/06/2024,Expense
715,30,Housing,Cash,Housing,Gas,23/06/2024,Expense
716,20,Groceries,Cash,Groceries,,24/06/2024,Expense
717,18,Groceries,3.BAC Gold Mastercard,Groceries,,24/06/2024,Expense
718,208.33,DR160S BI MOM,Monetaria BAC,Motorcycle,DR160S,24/06/2024,Expense
719,10,Groceries,Cash,Groceries,,24/06/2024,Expense
720,10,Parqueo,Cash,Parking,,24/06/2024,Expense
721,530.22,Mensualidad U,3.BAC Gold Mastercard,Education,Universidad,25/06/2024,Expense
722,45,Almuerzo,Cash,Restaurants,Almuerzo,25/06/2024,Expense
723,154.1,DR160S BAC GOLD,3.BAC Gold Mastercard,Motorcycle,DR160S,26/06/2024,Expense
724,335,Motorcicle insurance,3.BAC Gold Mastercard,Insurance,DR160S,26/06/2024,Expense
725,35,Fuel,3.BAC Gold Mastercard,Fuel,Muxbal,26/06/2024,Expense
726,9,Groceries,3.BAC Gold Mastercard,Groceries,,26/06/2024,Expense
727,1755.83,Planilla Pro Optic,Monetaria BAC,Salary,,27/06/2024,Income
728,20,Gift,Cash,Gifts,,27/06/2024,Expense
729,12,Groceries,3.BAC Gold Mastercard,Groceries,,27/06/2024,Expense
730,525,Clothing,3.BAC Gold Mastercard,Clothing,Lentes,27/06/2024,Expense
731,35,Fuel,3.BAC Gold Mastercard,Fuel,,28/06/2024,Expense
732,15,Desayuno,3.BAC Gold Mastercard,Restaurants,Desayuno,28/06/2024,Expense
733,49.51,Charges,3.BAC Gold Mastercard,Charges,Seguro Tarjeta,28/06/2024,Expense
734,75,Fuel,3.BAC Gold Mastercard,Fuel,,28/06/2024,Expense
735,800,Reintegro,Monetaria BAC,Bonuses & Commissions,,29/06/2024,Income
736,15,Almuerzo,Cash,Restaurants,Almuerzo,29/06/2024,Expense
737,5,Groceries,Cash,Groceries,,29/06/2024,Expense
738,11,Internet,3.BAC Gold Mastercard,Internet,,30/06/2024,Expense
739,20,Corte Pelo,Cash,Clothing,,30/06/2024,Expense
740,20,Gift,Cash,Gifts,,30/06/2024,Expense
741,10,Groceries,Cash,Groceries,,30/06/2024,Expense
742,60,Almuerzo,Cash,Restaurants,Almuerzo,30/06/2024,Expense
743,5,Groceries,Cash,Groceries,,30/06/2024,Expense
744,413.56,Housing,Monetaria BAC,Housing,,30/06/2024,Expense
745,260,Internet Bill,Cash,Internet,,30/06/2024,Expense
746,90,Housing,Cash,Housing,,30/06/2024,Expense
747,23.71,Videogames,3.BAC Gold Mastercard,Entertainment,Most Wanted,30/06/2024,Expense
748,75,Prestamo,Monetaria BAC,Personal Credit,Yo > Kimberly : Prestamo,30/06/2024,Expense
749,5,Groceries,Cash,Groceries,,02/07/2024,Expense
750,10,Almuerzo,Cash,Restaurants,Almuerzo,02/07/2024,Expense
751,55,Internet,3.BAC Gold Mastercard,Internet,Caja chica,02/07/2024,Expense
752,10,Parqueo,3.BAC Gold Mastercard,Parking,Parqueo Santa Clara,02/07/2024,Expense
753,25,Fuel,3.BAC Gold Mastercard,Fuel,,02/07/2024,Expense
754,75,Prestamo,Cash,Cash Refund,Daniel > Yo : Calcomanía,03/07/2024,Income
755,5,Groceries,Cash,Groceries,,03/07/2024,Expense
756,41,Almuerzo,3.BAC Gold Mastercard,Restaurants,Almuerzo,04/07/2024,Expense
757,10,Groceries,Cash,Groceries,,04/07/2024,Expense
758,410,Reintegro,Cash,Cash Refund,Caja chica Junio,05/07/2024,Income
759,35,Accesorios,3.BAC Gold Mastercard,Accesorios,Topes lentes,05/07/2024,Expense
760,15,Parqueo Mira,3.BAC Gold Mastercard,Parking,Moto|Caja chica,05/07/2024,Expense
761,5,Groceries,Cash,Groceries,,05/07/2024,Expense
762,25,Fuel,3.BAC Gold Mastercard,Fuel,Miraflores,05/07/2024,Expense
763,25,Gift,Cash,Gifts,Mami,06/07/2024,Expense
764,79.22,Spotify,3.BAC Gold Mastercard,Subscriptions,,06/07/2024,Expense
765,20,Mantenimiento Moto,Cash,Motorcycle,Limpieza,06/07/2024,Expense
766,20,Mantenimiento Moto,Cash,Motorcycle,,06/07/2024,Expense
767,31,Cena,3.BAC Gold Mastercard,Restaurants,Cena,06/07/2024,Expense
768,10,Groceries,Cash,Groceries,,07/07/2024,Expense
769,35,Reintegro,Monetaria BAC,Cash Refund,,07/07/2024,Income
770,10,Reintegro,Monetaria BAC,Cash Refund,,08/07/2024,Income
771,10,Groceries,Cash,Groceries,,08/07/2024,Expense
772,18,Groceries,3.BAC Gold Mastercard,Groceries,,09/07/2024,Expense
773,11,Reintegro,Monetaria BAC,Cash Refund,,09/07/2024,Income
774,100,Charges,Monetaria Bi,Charges,Banco Industrial,09/07/2024,Expense
775,150,Parqueo,Monetaria BAC,Parking,Parqueo Mes,09/07/2024,Expense
776,82.12,Fuel,3.BAC Gold Mastercard,Fuel,Flores de Lago,09/07/2024,Expense
777,590,Inscripción U,3.BAC Gold Mastercard,Education,Universidad,10/07/2024,Expense
778,10,Groceries,Cash,Groceries,,10/07/2024,Expense
779,18,Peaje VAS,3.BAC Gold Mastercard,Transportation,,11/07/2024,Expense
780,25,Groceries,3.BAC Gold Mastercard,Groceries,,11/07/2024,Expense
781,2,Ajuste,1.BI Premier VISA,Loss,,11/07/2024,Expense
782,5,Groceries,Cash,Groceries,,11/07/2024,Expense
783,10,Groceries,Cash,Groceries,,11/07/2024,Expense
784,2881.62,Prestaciones,Monetaria BAC,Bonuses & Commissions,Bono 14,11/07/2024,Income
785,2818.48,Planilla Pro Optic,Monetaria BAC,Salary,,11/07/2024,Income
786,100,Reintegro,Monetaria BAC,Cash Refund,Funda Roberto,11/07/2024,Income
787,90,Technology,Cash,Technology,Funda Roberto,12/07/2024,Expense
788,57,Reintegro,Monetaria BAC,Cash Refund,,12/07/2024,Income
789,170,Almuerzo,3.BAC Gold Mastercard,Restaurants,Almuerzo,12/07/2024,Expense
790,47,Reintegro,Monetaria BAC,Cash Refund,,12/07/2024,Income
791,121.35,Housing,3.BAC Gold Mastercard,Housing,Insumos personales,13/07/2024,Expense
792,10,Parqueo,3.BAC Gold Mastercard,Parking,Moto,13/07/2024,Expense
793,15,Groceries,Cash,Groceries,,13/07/2024,Expense
794,118,Cena,3.BAC Gold Mastercard,Restaurants,Cena,13/07/2024,Expense
795,40,Reintegro,Monetaria BAC,Cash Refund,,13/07/2024,Income
796,30,Fuel,3.BAC Gold Mastercard,Fuel,Moto,14/07/2024,Expense
797,10,Parqueo,Cash,Parking,Moto,14/07/2024,Expense
798,42,Almuerzo,Monetaria BAC,Restaurants,Almuerzo|Universidad,14/07/2024,Expense
799,5,Groceries,Cash,Groceries,,14/07/2024,Expense
800,15,Desayuno,3.BAC Gold Mastercard,Restaurants,Desayuno,15/07/2024,Expense
801,16,Internet,3.BAC Gold Mastercard,Internet,,15/07/2024,Expense
802,10,Groceries,Cash,Groceries,,15/07/2024,Expense
803,31,Groceries,3.BAC Gold Mastercard,Groceries,,15/07/2024,Expense
804,124,Coffee,3.BAC Gold Mastercard,Restaurants,Yocelin,15/07/2024,Expense
805,77.67,Fuel,3.BAC Gold Mastercard,Fuel,Moto,15/07/2024,Expense
806,15,Desayuno,3.BAC Gold Mastercard,Restaurants,Desayuno,16/07/2024,Expense
807,43,Almuerzo,3.BAC Gold Mastercard,Restaurants,Almuerzo,16/07/2024,Expense
808,15,Parqueo Oakland,3.BAC Gold Mastercard,Parking,Parqueo Oakland,16/07/2024,Expense
809,17,Groceries,3.BAC Gold Mastercard,Groceries,,16/07/2024,Expense
810,15,Desayuno,3.BAC Gold Mastercard,Restaurants,Desayuno,17/07/2024,Expense
811,19,Almuerzo,3.BAC Gold Mastercard,Restaurants,Almuerzo,17/07/2024,Expense
812,55,Internet,3.BAC Gold Mastercard,Internet,Caja chica,17/07/2024,Expense
813,534.79,Mantenimiento Moto,3.BAC Gold Mastercard,Motorcycle,9000KM,17/07/2024,Expense
814,41,Almuerzo,3.BAC Gold Mastercard,Restaurants,Almuerzo,18/07/2024,Expense
815,16,Groceries,3.BAC Gold Mastercard,Groceries,,18/07/2024,Expense
816,15,Groceries,3.BAC Gold Mastercard,Groceries,,19/07/2024,Expense
817,10,Parqueo,3.BAC Gold Mastercard,Parking,Moto,19/07/2024,Expense
818,80.06,Fuel,3.BAC Gold Mastercard,Fuel,Moto,19/07/2024,Expense
819,16,Internet,3.BAC Gold Mastercard,Internet,,20/07/2024,Expense
820,10,Reintegro,Cash,Cash Refund,,20/07/2024,Income
821,20,Mantenimiento Moto,Cash,Motorcycle,Lavado,20/07/2024,Expense
822,31,Cena,3.BAC Gold Mastercard,Restaurants,Cena,20/07/2024,Expense
823,10,Parqueo U,Cash,Parking,Moto|Universidad,21/07/2024,Expense
824,25,Groceries,Cash,Groceries,,21/07/2024,Expense
825,15,Almuerzo,Monetaria BAC,Restaurants,Almuerzo|Universidad,21/07/2024,Expense
826,31.64,1Password,3.BAC Gold Mastercard,Subscriptions,,21/07/2024,Expense
827,17,Groceries,3.BAC Gold Mastercard,Groceries,,22/07/2024,Expense
828,19,Peaje VAS,3.BAC Gold Mastercard,Transportation,,22/07/2024,Expense
829,30,Fuel,3.BAC Gold Mastercard,Fuel,Moto,23/07/2024,Expense
830,18,Peaje VAS,3.BAC Gold Mastercard,Transportation,,23/07/2024,Expense
831,20,Desayuno,3.BAC Gold Mastercard,Restaurants,Desayuno,23/07/2024,Expense
832,208.33,DR160S BI MOM,Monetaria BAC,Motorcycle,DR160S,23/07/2024,Expense
833,400,Reintegro,Cash,Cash Refund,,23/07/2024,Income
834,243.83,DR160S BI PREMIER,1.BI Premier VISA,Motorcycle,DR160S,24/07/2024,Expense
835,238,DR160S PARRILLA,1.BI Premier VISA,Motorcycle,Moto,24/07/2024,Expense
836,86,Almuerzo,3.BAC Gold Mastercard,Restaurants,Almuerzo,24/07/2024,Expense
837,49.51,Card Insurance,3.BAC Gold Mastercard,Insurance,,24/07/2024,Expense
838,15,Desayuno,3.BAC Gold Mastercard,Restaurants,Desayuno,25/07/2024,Expense
839,530.22,Mensualidad U,3.BAC Gold Mastercard,Education,Universidad,25/07/2024,Expense
840,335,Motorcicle insurance,3.BAC Gold Mastercard,Insurance,DR160S,25/07/2024,Expense
841,30,Almuerzo,Cash,Restaurants,Almuerzo,25/07/2024,Expense
842,50,Fuel,3.BAC Gold Mastercard,Fuel,Moto,26/07/2024,Expense
843,154.1,DR160S BAC GOLD,3.BAC Gold Mastercard,Motorcycle,DR160S,26/07/2024,Expense
844,51.03,Fuel,3.BAC Gold Mastercard,Fuel,Moto,26/07/2024,Expense
845,15,Parqueo,3.BAC Gold Mastercard,Parking,Moto,26/07/2024,Expense
846,6,Internet,3.BAC Gold Mastercard,Internet,,26/07/2024,Expense
847,35,Peaje VAS,Cash,Transportation,Salidas,27/07/2024,Expense
848,52,Desayuno,3.BAC Gold Mastercard,Restaurants,Desayuno|Salidas,27/07/2024,Expense
849,32,Groceries,3.BAC Gold Mastercard,Groceries,Salidas,27/07/2024,Expense
850,10,Parqueo U,Cash,Parking,Universidad,28/07/2024,Expense
851,10,Groceries,Cash,Groceries,,28/07/2024,Expense
852,5,Groceries,Cash,Groceries,,28/07/2024,Expense
853,43,Almuerzo,3.BAC Gold Mastercard,Restaurants,Almuerzo|Universidad,28/07/2024,Expense
854,10.5,Groceries,3.BAC Gold Mastercard,Groceries,,28/07/2024,Expense
855,35,Reintegro,Cash,Cash Refund,,29/07/2024,Income
856,35,Fuel,3.BAC Gold Mastercard,Fuel,Moto,29/07/2024,Expense
857,10,Groceries,Cash,Groceries,,29/07/2024,Expense
858,2497.6,Planilla Pro Optic,Monetaria BAC,Salary,,29/07/2024,Income
859,2,Ajuste,1.BI Premier VISA,Loss,,29/07/2024,Expense
860,195,Technology,3.BAC Gold Mastercard,Technology,Soporte Celular,29/07/2024,Expense
861,15,Almuerzo,3.BAC Gold Mastercard,Restaurants,Almuerzo,30/07/2024,Expense
862,10,Groceries,Cash,Groceries,,30/07/2024,Expense
863,25,Groceries,Cash,Groceries,,31/07/2024,Expense
864,18,Desayuno,3.BAC Gold Mastercard,Restaurants,Desayuno,31/07/2024,Expense
865,150,Technology,Cash,Technology,Teléfono secundario,31/07/2024,Expense
866,30,Fuel,3.BAC Gold Mastercard,Fuel,Moto,31/07/2024,Expense
867,260,Internet Bill,Cash,Internet,,31/07/2024,Expense
868,190,Housing,Cash,Housing,,31/07/2024,Expense
869,55,Internet,3.BAC Gold Mastercard,Internet,,01/08/2024,Expense
870,15,Desayuno,3.BAC Gold Mastercard,Restaurants,Desayuno,01/08/2024,Expense
871,21,Groceries,3.BAC Gold Mastercard,Groceries,,01/08/2024,Expense
872,40,Fuel,3.BAC Gold Mastercard,Fuel,Moto,02/08/2024,Expense
873,20,Groceries,3.BAC Gold Mastercard,Groceries,,02/08/2024,Expense
874,10,Groceries,Cash,Groceries,Almuerzo,02/08/2024,Expense
875,35,Reintegro,Monetaria BAC,Cash Refund,Vuelta Oakland,02/08/2024,Income
876,15,Parqueo,3.BAC Gold Mastercard,Parking,Moto,02/08/2024,Expense
877,10,Parqueo,3.BAC Gold Mastercard,Parking,Moto,02/08/2024,Expense
878,20,Corte Pelo,Cash,Clothing,,03/08/2024,Expense
879,20,Mantenimiento Moto,Cash,Motorcycle,Lavado,03/08/2024,Expense
880,5,Mantenimiento Moto,Cash,Motorcycle,Cadena,03/08/2024,Expense
881,5,Groceries,Cash,Groceries,,03/08/2024,Expense
882,10,Groceries,Cash,Groceries,,03/08/2024,Expense
883,30,Cena,Cash,Restaurants,Cena,03/08/2024,Expense
884,20,Groceries,Cash,Groceries,,04/08/2024,Expense
885,10,Parqueo,Cash,Parking,Moto,04/08/2024,Expense
886,57,Almuerzo,Monetaria BAC,Restaurants,Almuerzo|Universidad,04/08/2024,Expense
887,50,Groceries,3.BAC Gold Mastercard,Groceries,,04/08/2024,Expense
888,35,Reintegro,Monetaria BAC,Cash Refund,,04/08/2024,Income
889,85,Fuel,3.BAC Gold Mastercard,Fuel,Moto,04/08/2024,Expense
890,20,Housing,Cash,Housing,Aroma,04/08/2024,Expense
891,15,Desayuno,3.BAC Gold Mastercard,Restaurants,Desayuno,05/08/2024,Expense
892,200,Technology,Cash,Technology,Intercomunicador,05/08/2024,Expense
893,6.25,Reintegro,Monetaria BAC,Cash Refund,,05/08/2024,Income
894,57,Almuerzo,3.BAC Gold Mastercard,Restaurants,Almuerzo,06/08/2024,Expense
895,20,Groceries,3.BAC Gold Mastercard,Groceries,,07/08/2024,Expense
896,10,Tools,Cash,Tools,Wipes Lentes,08/08/2024,Expense
897,290,Reintegro,Cash,Cash Refund,,08/08/2024,Income
898,66.5,Almuerzo,3.BAC Gold Mastercard,Restaurants,Almuerzo,08/08/2024,Expense
899,20,Groceries,Cash,Groceries,,08/08/2024,Expense
900,85,Fuel,3.BAC Gold Mastercard,Fuel,Moto,09/08/2024,Expense
901,18,Almuerzo,3.BAC Gold Mastercard,Restaurants,Almuerzo,09/08/2024,Expense
902,10,Groceries,Cash,Groceries,,09/08/2024,Expense
903,66.5,Tools,3.BAC Gold Mastercard,Tools,Cuadernos,10/08/2024,Expense
904,10,Groceries,Cash,Groceries,,10/08/2024,Expense
905,10,Groceries,Cash,Groceries,,10/08/2024,Expense
906,55,Almuerzo,Cash,Restaurants,Almuerzo,10/08/2024,Expense
907,58,Almuerzo,3.BAC Gold Mastercard,Restaurants,Almuerzo|Universidad,11/08/2024,Expense
908,42,Groceries,3.BAC Gold Mastercard,Groceries,,11/08/2024,Expense
909,5,Groceries,Cash,Groceries,,11/08/2024,Expense
910,10,Parqueo U,Cash,Parking,Moto|Universidad,11/08/2024,Expense
911,200.2,Cena,3.BAC Gold Mastercard,Restaurants,Yocelin,12/08/2024,Expense
912,15,Desayuno,Cash,Restaurants,Desayuno,13/08/2024,Expense
913,10,Groceries,Cash,Groceries,,13/08/2024,Expense
914,58,Almuerzo,4.AMEX Blue,Restaurants,Amex,13/08/2024,Expense
915,30,Reintegro,Cash,Cash Refund,,13/08/2024,Income
916,18,Peaje VAS,3.BAC Gold Mastercard,Transportation,,14/08/2024,Expense
917,87.41,Fuel,3.BAC Gold Mastercard,Fuel,Moto,14/08/2024,Expense
918,3169.18,Planilla Pro Optic,Monetaria BAC,Salary,,14/08/2024,Income
919,15,Desayuno,4.AMEX Blue,Restaurants,Desayuno,14/08/2024,Expense
920,208.33,DR160S BI MOM,Monetaria BAC,Motorcycle,DR160S,14/08/2024,Expense
921,10,Groceries,Cash,Groceries,,14/08/2024,Expense
922,100,Technology,4.AMEX Blue,Technology,Vidrio templado,14/08/2024,Expense
923,15,Internet,3.BAC Gold Mastercard,Internet,,14/08/2024,Expense
924,74,Coffee,4.AMEX Blue,Restaurants,Yocelin,14/08/2024,Expense
925,20,Gift,Cash,Gifts,,15/08/2024,Expense
926,200,Gift,Monetaria BAC,Gifts,,16/08/2024,Expense
927,55,Internet,3.BAC Gold Mastercard,Internet,,16/08/2024,Expense
928,77,Almuerzo,4.AMEX Blue,Restaurants,Salidas,17/08/2024,Expense
929,15,Parqueo,4.AMEX Blue,Parking,Moto,17/08/2024,Expense
930,10,Parqueo U,Cash,Parking,Universidad|Moto,18/08/2024,Expense
931,10,Groceries,Cash,Groceries,,18/08/2024,Expense
932,10,Groceries,Cash,Groceries,,18/08/2024,Expense
933,10,Gift,Cash,Gifts,,19/08/2024,Expense
934,20,Groceries,4.AMEX Blue,Groceries,,19/08/2024,Expense
935,78.37,Fuel,4.AMEX Blue,Fuel,Moto,19/08/2024,Expense
936,18,Peaje VAS,3.BAC Gold Mastercard,Transportation,,20/08/2024,Expense
937,18,Desayuno,4.AMEX Blue,Restaurants,Desayuno,20/08/2024,Expense
938,15,Groceries,Cash,Groceries,,20/08/2024,Expense
939,30,Loss,Cash,Loss,,20/08/2024,Expense
940,46.5,Almuerzo,3.BAC Gold Mastercard,Restaurants,Almuerzo,20/08/2024,Expense
941,10,Groceries,Cash,Groceries,,21/08/2024,Expense
942,30,Almuerzo,Cash,Restaurants,Almuerzo,21/08/2024,Expense
943,100,Sale,Cash,Sale,Servicios IT,21/08/2024,Income
944,45,Fuel,4.AMEX Blue,Fuel,,22/08/2024,Expense
945,990,Mensualidad U,3.BAC Gold Mastercard,Education,,23/08/2024,Expense
946,28,Parqueo,4.AMEX Blue,Parking,Moto,23/08/2024,Expense
947,15,Parqueo,4.AMEX Blue,Parking,Moto,23/08/2024,Expense
948,75,Technology,4.AMEX Blue,Technology,Wipes Lentes,23/08/2024,Expense
949,148.5,Charges,3.BAC Gold Mastercard,Charges,Intereses,23/08/2024,Expense
950,15,Parqueo,4.AMEX Blue,Parking,,23/08/2024,Expense
951,40,Almuerzo,4.AMEX Blue,Restaurants,,23/08/2024,Expense
952,243.83,DR160S BI PREMIER,1.BI Premier VISA,Motorcycle,DR160S,24/08/2024,Expense
953,49.51,Charges,3.BAC Gold Mastercard,Charges,Seguro Tarjeta,24/08/2024,Expense
954,31.64,1Password,3.BAC Gold Mastercard,Subscriptions,,24/08/2024,Expense
955,30,Groceries,Cash,Groceries,,24/08/2024,Expense
956,10,Parqueo U,Cash,Parking,Universidad,25/08/2024,Expense
957,15,Technology,Cash,Technology,Electrónica,25/08/2024,Expense
958,154.1,DR160S BAC GOLD,3.BAC Gold Mastercard,Motorcycle,DR160S,25/08/2024,Expense
959,335,Motorcicle insurance,3.BAC Gold Mastercard,Insurance,DR160S,25/08/2024,Expense
960,55,Almuerzo,Cash,Restaurants,Universidad,25/08/2024,Expense
961,27,Reintegro,Monetaria BAC,Cash Refund,,25/08/2024,Income
962,35,Internet,3.BAC Gold Mastercard,Internet,,25/08/2024,Expense
963,200,Reintegro,Cash,Cash Refund,,26/08/2024,Income
964,20,Reintegro,Monetaria BAC,Cash Refund,Spotify,27/08/2024,Income
965,928.03,Mantenimiento Moto,4.AMEX Blue,Motorcycle,Mantenimiento Moto 12K,27/08/2024,Expense
966,19,Gift,4.AMEX Blue,Gifts,,28/08/2024,Expense
967,40,Almuerzo,4.AMEX Blue,Restaurants,Almuerzo,28/08/2024,Expense
968,35,Fuel,3.BAC Gold Mastercard,Fuel,Moto,28/08/2024,Expense
969,1899.31,Planilla Pro Optic,Monetaria BAC,Salary,,28/08/2024,Income
970,2,Ajuste,1.BI Premier VISA,Loss,,28/08/2024,Expense
971,18,Desayuno,4.AMEX Blue,Restaurants,Desayuno,29/08/2024,Expense
972,42,Almuerzo,3.BAC Gold Mastercard,Restaurants,Almuerzo,29/08/2024,Expense
973,100,Prestamo,Cash,Personal Credit,Yo > Daniel : Calcomanía,29/08/2024,Expense
974,10,Parqueo,4.AMEX Blue,Parking,Parqueo Santa Clara,29/08/2024,Expense
975,328,Technology,4.AMEX Blue,Technology,16GB RAM,30/08/2024,Expense
976,70,Fuel,3.BAC Gold Mastercard,Fuel,Moto,30/08/2024,Expense
977,25,Almuerzo,Cash,Restaurants,Almuerzo,30/08/2024,Expense
978,15,Groceries,Cash,Groceries,,31/08/2024,Expense
979,142.5,Impuesto de circulación,4.AMEX Blue,Charges,Impuesto de circulación,31/08/2024,Expense
980,140,Reintegro,Cash,Cash Refund,Impuesto de circulación,31/08/2024,Income
981,50,Sale,Cash,Sale,Servicios Transporte,31/08/2024,Income
982,10,Parqueo U,Cash,Parking,Universidad,01/09/2024,Expense
983,20,Groceries,Cash,Groceries,Universidad,01/09/2024,Expense
984,125,Internet,3.BAC Gold Mastercard,Internet,,01/09/2024,Expense
985,40,Almuerzo,4.AMEX Blue,Restaurants,Almuerzo,01/09/2024,Expense
986,20,Reintegro,Cash,Cash Refund,,01/09/2024,Income
987,60,Tools,Cash,Tools,Penales y Policiacos,02/09/2024,Expense
988,100,Prestamo,Cash,Cash Refund,Carlos > Yo,02/09/2024,Income
989,30,Almuerzo,Cash,Restaurants,Shucos,02/09/2024,Expense
990,15,Groceries,Cash,Groceries,,03/09/2024,Expense
991,5,Groceries,Cash,Groceries,,03/09/2024,Expense
992,10,Groceries,Cash,Groceries,,03/09/2024,Expense
993,60,Fuel,3.BAC Gold Mastercard,Fuel,,04/09/2024,Expense
994,20,Desayuno,Cash,Restaurants,Desayuno,04/09/2024,Expense
995,43,Almuerzo,4.AMEX Blue,Restaurants,Almuerzo,04/09/2024,Expense
996,35,Technology,Cash,Technology,Bateria,04/09/2024,Expense
997,328,Technology,4.AMEX Blue,Technology,16GB RAM,05/09/2024,Expense
998,10,Groceries,Cash,Groceries,,05/09/2024,Expense
999,15,Groceries,Cash,Groceries,,05/09/2024,Expense
1000,15,Parqueo,3.BAC Gold Mastercard,Parking,Moto,05/09/2024,Expense
1001,260,Internet Bill,Monetaria BAC,Internet,,05/09/2024,Expense
1002,240,Housing,Monetaria BAC,Housing,,05/09/2024,Expense
1003,21,Groceries,4.AMEX Blue,Groceries,,06/09/2024,Expense
1004,110.94,Udemy,4.AMEX Blue,Education,AD DNS DHPC,06/09/2024,Expense
1005,25,Gift,Monetaria BAC,Gifts,,07/09/2024,Expense
1006,10,Parqueo U,Cash,Parking,Universidad,08/09/2024,Expense
1007,20,Groceries,Cash,Groceries,,08/09/2024,Expense
1008,39.5,Almuerzo,Monetaria BAC,Restaurants,Almuerzo,08/09/2024,Expense
1009,50,Fuel,3.BAC Gold Mastercard,Fuel,Moto,09/09/2024,Expense
1010,237.6,Cena,3.BAC Gold Mastercard,Restaurants,Yocelin,09/09/2024,Expense
1011,80,Reintegro,Monetaria BAC,Cash Refund,Caja chica Sep,10/09/2024,Income
1012,10,Groceries,Cash,Groceries,,10/09/2024,Expense
1013,18,Almuerzo,4.AMEX Blue,Restaurants,Almuerzo,11/09/2024,Expense
1014,15,Groceries,Cash,Groceries,,11/09/2024,Expense
1015,55,Fuel,3.BAC Gold Mastercard,Fuel,Moto,11/09/2024,Expense
1016,10,Parqueo,3.BAC Gold Mastercard,Parking,Moto,11/09/2024,Expense
1017,18,Desayuno,3.BAC Gold Mastercard,Restaurants,Desayuno,12/09/2024,Expense
1018,10,Technology,Cash,Technology,Baterias,12/09/2024,Expense
1019,25,Fuel,3.BAC Gold Mastercard,Fuel,Moto,13/09/2024,Expense
1020,11,Internet,3.BAC Gold Mastercard,Internet,Yocelin,13/09/2024,Expense
1021,2452.37,Planilla Pro Optic,Monetaria BAC,Salary,,13/09/2024,Income
1022,60,Cena,3.BAC Gold Mastercard,Restaurants,Yocelin,13/09/2024,Expense
1023,74,Cena,4.AMEX Blue,Restaurants,Yocelin,13/09/2024,Expense
1024,15,Groceries,Cash,Groceries,,14/09/2024,Expense
1025,100,Gift,Cash,Gifts,Para Hazel,14/09/2024,Expense
1026,94,Technology,4.AMEX Blue,Technology,HUB USB C,14/09/2024,Expense
1027,49.98,Tools,4.AMEX Blue,Tools,Elasticos,14/09/2024,Expense
1028,150.65,Insumos personales,4.AMEX Blue,Housing,Crema y Shampoo,14/09/2024,Expense
1029,10,Parqueo,4.AMEX Blue,Parking,Moto,14/09/2024,Expense
1030,95,Reintegro,Monetaria BAC,Cash Refund,Caja chica,16/09/2024,Income
1031,29,Almuerzo,4.AMEX Blue,Restaurants,Almuerzo,17/09/2024,Expense
1032,50,Fuel,3.BAC Gold Mastercard,Fuel,Moto,17/09/2024,Expense
1033,20,Corte Pelo,Cash,Clothing,,17/09/2024,Expense
1034,10,Groceries,Cash,Groceries,,18/09/2024,Expense
1035,33,Internet,3.BAC Gold Mastercard,Internet,,18/09/2024,Expense
1036,30,Reintegro,Cash,Cash Refund,,18/09/2024,Income
1037,370,Technology,4.AMEX Blue,Technology,Audífonos,19/09/2024,Expense
1038,25,Almuerzo,Cash,Restaurants,Almuerzo,19/09/2024,Expense
1039,50,Fuel,3.BAC Gold Mastercard,Fuel,Moto,19/09/2024,Expense
1040,18,Desayuno,4.AMEX Blue,Restaurants,Desayuno,20/09/2024,Expense
1041,30,Parqueo,3.BAC Gold Mastercard,Parking,Moto,20/09/2024,Expense
1042,15,Groceries,4.AMEX Blue,Groceries,,20/09/2024,Expense
1043,5,Groceries,Cash,Groceries,,20/09/2024,Expense
1044,10,Groceries,Cash,Groceries,,21/09/2024,Expense
1045,31.64,1Password,3.BAC Gold Mastercard,Subscriptions,,21/09/2024,Expense
1046,10,Parqueo U,Cash,Parking,Universidad,22/09/2024,Expense
1047,40,Almuerzo,4.AMEX Blue,Restaurants,Almuerzo,22/09/2024,Expense
1048,15,Reintegro,Cash,Cash Refund,,22/09/2024,Income
1049,45,Fuel,4.AMEX Blue,Fuel,Moto,23/09/2024,Expense
1050,18,Peaje VAS,3.BAC Gold Mastercard,Transportation,,23/09/2024,Expense
1051,16.99,Desayuno,3.BAC Gold Mastercard,Restaurants,Desayuno,23/09/2024,Expense
1052,243.83,DR160S BI PREMIER,1.BI Premier VISA,Motorcycle,DR160S,23/09/2024,Expense
1053,342,Technology,1.BI Premier VISA,Technology,,23/09/2024,Expense
1054,15,Parqueo,3.BAC Gold Mastercard,Parking,Moto,23/09/2024,Expense
1055,31,Almuerzo,4.AMEX Blue,Restaurants,Almuerzo,23/09/2024,Expense
1056,20,Gift,Cash,Gifts,,23/09/2024,Expense
1057,10,Groceries,Cash,Groceries,,23/09/2024,Expense
1058,74,Reintegro,Monetaria BAC,Cash Refund,,24/09/2024,Income
1059,125,Technology,4.AMEX Blue,Technology,Cargador,24/09/2024,Expense
1060,11,Gift,3.BAC Gold Mastercard,Gifts,,24/09/2024,Expense
1061,5,Groceries,Cash,Groceries,,25/09/2024,Expense
1062,154.1,DR160S BAC GOLD,3.BAC Gold Mastercard,Motorcycle,DR160S,26/09/2024,Expense
1063,990,Mensualidad U,3.BAC Gold Mastercard,Education,,26/09/2024,Expense
1064,335,Motorcicle insurance,3.BAC Gold Mastercard,Insurance,DR160S,26/09/2024,Expense
1065,42,Almuerzo,4.AMEX Blue,Restaurants,Almuerzo,26/09/2024,Expense
1066,70.01,Fuel,3.BAC Gold Mastercard,Fuel,Moto,26/09/2024,Expense
1067,10,Groceries,Cash,Groceries,,26/09/2024,Expense
1068,20,Gift,Cash,Gifts,,26/09/2024,Expense
1069,162,Cena,4.AMEX Blue,Restaurants,Key,27/09/2024,Expense
1070,1909.58,Planilla Pro Optic,Monetaria BAC,Salary,,27/09/2024,Income
1071,208.33,DR160S BI MOM,Monetaria BAC,Motorcycle,DR160S,28/09/2024,Expense
1072,30,Mantenimiento Moto,Cash,Motorcycle,Lavado,28/09/2024,Expense
1073,25,Mantenimiento Moto,Cash,Motorcycle,,28/09/2024,Expense
1074,100,Reintegro,Cash,Cash Refund,,28/09/2024,Income
1075,260,Internet Bill,Cash,Internet,,28/09/2024,Expense
1076,140,Housing,Cash,Housing,,28/09/2024,Expense
1077,2,Ajuste,1.BI Premier VISA,Loss,,28/09/2024,Expense
1078,200,Gift,Ahorro BAC,Gifts,Yocelin,28/09/2024,Expense
1079,51.83,Reintegro,Monetaria BAC,Bonuses & Commissions,,28/09/2024,Income
1080,49.51,Card Insurance,3.BAC Gold Mastercard,Insurance,,28/09/2024,Expense
1081,15,Groceries,Cash,Groceries,,28/09/2024,Expense
1082,10,Parqueo U,Cash,Parking,Universidad,29/09/2024,Expense
1083,20,Tools,Cash,Tools,Impresiones,29/09/2024,Expense
1084,42,Groceries,3.BAC Gold Mastercard,Groceries,,29/09/2024,Expense
1085,15,Groceries,Cash,Groceries,,30/09/2024,Expense
1086,15,Groceries,3.BAC Gold Mastercard,Groceries,,01/10/2024,Expense
1087,20,Almuerzo,Cash,Restaurants,Almuerzo,01/10/2024,Expense
1088,60.02,Fuel,3.BAC Gold Mastercard,Fuel,,01/10/2024,Expense
1089,18,Desayuno,4.AMEX Blue,Restaurants,Desayuno,02/10/2024,Expense
1090,10,Groceries,Cash,Groceries,,02/10/2024,Expense
1091,153,Gift,Monetaria BAC,Gifts,Cumpleaños Ing Dario.,02/10/2024,Expense
1092,20,Gift,Cash,Gifts,,02/10/2024,Expense
1093,65,Technology,4.AMEX Blue,Technology,,02/10/2024,Expense
1094,103,Reintegro,Monetaria BAC,Cash Refund,,03/10/2024,Income
1095,15,Groceries,Cash,Groceries,,03/10/2024,Expense
1096,18.5,Peaje VAS,3.BAC Gold Mastercard,Transportation,,04/10/2024,Expense
1097,20,Almuerzo,Cash,Restaurants,Almuerzo,04/10/2024,Expense
1098,21,Groceries,3.BAC Gold Mastercard,Groceries,,04/10/2024,Expense
1099,10,Parqueo,3.BAC Gold Mastercard,Parking,Moto,05/10/2024,Expense
1100,242,Reintegro,Monetaria BAC,Cash Refund,,05/10/2024,Income
1101,68,Fuel,1.BI Premier VISA,Fuel,Moto,06/10/2024,Expense
1102,201.46,Tools,1.BI Premier VISA,Tools,"Candado Disco, Llavero, tope Puerta",06/10/2024,Expense
1103,79.22,Spotify,3.BAC Gold Mastercard,Subscriptions,,06/10/2024,Expense
1104,40,Reintegro,Monetaria BAC,Cash Refund,Spotify,06/10/2024,Income
1105,20,Parqueo Banco,Cash,Parking,Moto,07/10/2024,Expense
1106,5,Groceries,Cash,Groceries,,07/10/2024,Expense
1107,125,Internet,1.BI Premier VISA,Internet,,08/10/2024,Expense
1108,29,Almuerzo,1.BI Premier VISA,Restaurants,Almuerzo,08/10/2024,Expense
1109,70,Housing,1.BI Premier VISA,Housing,Espuma Lentes,09/10/2024,Expense
1110,100,Reintegro,Planilla BI,Cash Refund,,09/10/2024,Income
1111,20,Parqueo Banco,Cash,Parking,,09/10/2024,Expense
1112,5,Gift,Cash,Gifts,,09/10/2024,Expense
1113,15,Groceries,Cash,Groceries,,09/10/2024,Expense
1114,5,Tools,Cash,Tools,,11/10/2024,Expense
1115,86,Almuerzo,1.BI Premier VISA,Restaurants,Salidas,11/10/2024,Expense
1116,220,Salida,Cash,Entertainment,Salidas,11/10/2024,Expense
1117,400,Gift,Ahorro BAC,Gifts,Yocelin,12/10/2024,Expense
1118,20,Reintegro,Cash,Cash Refund,,13/10/2024,Income
1119,40,Almuerzo,1.BI Premier VISA,Restaurants,Universidad,13/10/2024,Expense
1120,10,Groceries,Cash,Groceries,,13/10/2024,Expense
1121,10,Groceries,Cash,Groceries,,13/10/2024,Expense
1122,1788.06,Planilla Bi,Planilla BI,Salary,Planilla BI,13/10/2024,Income
1123,9.87,Reintegro,Ahorro BAC,Bonuses & Commissions,,13/10/2024,Income
1124,20,Reintegro,Monetaria BAC,Cash Refund,Spotify,13/10/2024,Income
1125,19,Tools,1.BI Premier VISA,Tools,Certificado de Nacimiento,14/10/2024,Expense
1126,10,Groceries,Cash,Groceries,,14/10/2024,Expense
1127,50,Fuel,1.BI Premier VISA,Fuel,Moto,14/10/2024,Expense
1128,18.5,Peaje VAS,1.BI Premier VISA,Transportation,,15/10/2024,Expense
1129,281,Reintegro,Monetaria BAC,Cash Refund,ACH de TEVIMEVI (error),15/10/2024,Income
1130,1800,Planilla Pro Optic,Monetaria BAC,Salary,,15/10/2024,Income
1131,95,Planilla Pro Optic,Cash,Salary,,15/10/2024,Income
1132,20,Groceries,Cash,Groceries,,15/10/2024,Expense
1133,20,Groceries,Cash,Groceries,,16/10/2024,Expense
1134,10,Groceries,Cash,Groceries,,17/10/2024,Expense
1135,20,Corte Pelo,Cash,Clothing,,18/10/2024,Expense
1136,15,Groceries,Cash,Groceries,,18/10/2024,Expense
1137,41,Desayuno,1.BI Premier VISA,Restaurants,Desayuno,19/10/2024,Expense
1138,20,Uber,Cash,Transportation,Uber,19/10/2024,Expense
1139,803.29,Mantenimiento Moto,1.BI Premier VISA,Motorcycle,18K Moto,19/10/2024,Expense
1140,15,Parqueo Mira,1.BI Premier VISA,Parking,Moto,19/10/2024,Expense
1141,5,Parqueo,1.BI Premier VISA,Parking,Parqueo Naranjo,19/10/2024,Expense
1142,50,Cena,Cash,Restaurants,Cena,19/10/2024,Expense
1143,50,Fuel,1.BI Premier VISA,Fuel,Moto,20/10/2024,Expense
1144,20,Groceries,Cash,Groceries,,20/10/2024,Expense
1145,23.99,Tools,1.BI Premier VISA,Tools,Doble plafonera,21/10/2024,Expense
1146,10,Tools,Cash,Tools,Porta gafete,21/10/2024,Expense
1147,130,Technology,1.BI Premier VISA,Technology,Bombillas,21/10/2024,Expense
1148,31.64,1Password,3.BAC Gold Mastercard,Suscripciones,,21/10/2024,Expense
1149,12,Desayuno,1.BI Premier VISA,Restaurants,Desayuno,23/10/2024,Expense
1150,10,Groceries,Cash,Groceries,,23/10/2024,Expense
1151,243.83,DR160S BI PREMIER,1.BI Premier VISA,Motorcycle,DR160S,23/10/2024,Expense
1152,990,Mensualidad U,3.BAC Gold Mastercard,Education,,23/10/2024,Expense
1153,342,Technology,1.BI Premier VISA,Technology,,23/10/2024,Expense
1154,20,Parqueo Banco,Cash,Parking,,23/10/2024,Expense
1155,49.51,Card Insurance,3.BAC Gold Mastercard,Insurance,,24/10/2024,Expense
1156,18.5,Reintegro,Planilla BI,Cash Refund,,25/10/2024,Income
1157,335,Motorcicle insurance,3.BAC Gold Mastercard,Insurance,DR160S,25/10/2024,Expense
1158,281,Reintegro,Monetaria BAC,Cash Refund,ACH de TEVIMEVI (error),25/10/2024,Expense
1159,154.1,DR160S BAC GOLD,3.BAC Gold Mastercard,Motorcycle,DR160S,26/10/2024,Expense
1160,100,Gift,Cash,Gifts,Gas,26/10/2024,Expense
1161,50,Gift,Monetaria BAC,Cash Refund,Kim,26/10/2024,Income
1162,30,Gift,Cash,Cash Refund,,26/10/2024,Income
1163,20,Loss,Cash,Loss,,26/10/2024,Expense
1164,50,Fuel,1.BI Premier VISA,Fuel,Moto,27/10/2024,Expense
1165,208.33,DR160S BI MOM,Planilla BI,Motorcycle,DR160S,27/10/2024,Expense
1166,30,Technology,Cash,Technology,,27/10/2024,Expense
1167,10,Parqueo U,Cash,Parking,Universidad,27/10/2024,Expense
1168,40,Almuerzo,Planilla BI,Restaurants,Almuerzo|Universidad,27/10/2024,Expense
1169,46.5,Bebidas,1.BI Premier VISA,Drinks,Universidad,27/10/2024,Expense
1170,2980.1,Planilla Bi,Planilla BI,Salary,Planilla BI,27/10/2024,Income
1171,6.44,Loss,Planilla BI,Loss,,27/10/2024,Expense
1172,200,Gift,Planilla BI,Gifts,Anillo Hazel,28/10/2024,Expense
1173,140,Housing,Planilla BI,Housing,,29/10/2024,Expense
1174,18.5,Loss,Planilla BI,Loss,,29/10/2024,Expense
1175,280,Recibo de Luz,Planilla BI,Cash Refund,Pago de Luz,29/10/2024,Income
1176,279.57,Housing,Planilla BI,Housing,Pago de Luz,29/10/2024,Expense
1177,260.9,Suscripciones,3.BAC Gold Mastercard,Suscripciones,,29/10/2024,Expense
1178,260,Internet Bill,Planilla BI,Internet,,29/10/2024,Expense
1179,99,Almuerzo,1.BI Premier VISA,Restaurants,Salidas,29/10/2024,Expense
1180,52,Almuerzo,Planilla BI,Restaurants,,29/10/2024,Expense
1181,100,Reintegro,Cash,Cash Refund,Ajuste,29/10/2024,Income
1182,55,Almuerzo,1.BI Premier VISA,Restaurants,Almuerzo,30/10/2024,Expense
1183,200,Gift,Planilla BI,Gifts,San Cayetano,01/11/2024,Expense
1184,35,Accesorios,1.BI Premier VISA,Accesorios,Llavero Roshi,01/11/2024,Expense
1185,15,Housing,Cash,Housing,Agua,02/11/2024,Expense
1186,50,Almuerzo,1.BI Premier VISA,Restaurants,Almuerzo,02/11/2024,Expense
1187,10,Parqueo U,Cash,Parking,Moto|Universidad,03/11/2024,Expense
1188,145,Internet,1.BI Premier VISA,Internet,,03/11/2024,Expense
1189,21,Red Bull,1.BI Premier VISA,Energizantes,Salidas,03/11/2024,Expense
1190,30,Groceries,Cash,Groceries,Compras Impulso,03/11/2024,Expense
1191,65.11,Fuel,1.BI Premier VISA,Fuel,Moto,05/11/2024,Expense
1192,32,Peaje VAS,1.BI Premier VISA,Transportation,,06/11/2024,Expense
1193,79.22,Suscripciones,1.BI Premier VISA,Suscripciones,,06/11/2024,Expense
1194,4700,Liquidación Pro Optic,Planilla BI,Bonuses & Commissions,,06/11/2024,Income
1195,70,Liquidación Pro Optic,Cash,Bonuses & Commissions,,06/11/2024,Income
1196,10,Parqueo,1.BI Premier VISA,Parking,Moto,06/11/2024,Expense
1197,75,Accesorios,1.BI Premier VISA,Accesorios,Wipes Lentes,06/11/2024,Expense
1198,50,Almuerzo,1.BI Premier VISA,Restaurants,Almuerzo,06/11/2024,Expense
1199,25,Parqueo Banco,1.BI Premier VISA,Parking,Moto,07/11/2024,Expense
1200,24,Coffee,1.BI Premier VISA,Restaurants,Desayuno,07/11/2024,Expense
1201,16,Gift,1.BI Premier VISA,Gifts,Para Hazel,07/11/2024,Expense
1202,372.72,Videogames,1.BI Premier VISA,Entertainment,Mario y Luigi Brothership,07/11/2024,Expense
1203,50,Gift,Cash,Gifts,Mami,08/11/2024,Expense
1204,342,Accesorios,1.BI Premier VISA,Accesorios,Skullcandy,08/11/2024,Expense
1205,15,Loss,Cash,Loss,,08/11/2024,Expense
1206,10,Tools,Cash,Tools,,08/11/2024,Expense
1207,67.35,Ajuste,4.AMEX Blue,Loss,,08/11/2024,Expense
1208,15,Parqueo Mira,1.BI Premier VISA,Parking,Moto,09/11/2024,Expense
1209,5,Groceries,1.BI Premier VISA,Groceries,,09/11/2024,Expense
1210,583,Accesorios,1.BI Premier VISA,Accesorios,Redmi Buds 6 PRO,09/11/2024,Expense
1211,110,Accesorios,1.BI Premier VISA,Accesorios,Pin y Collar,09/11/2024,Expense
1212,5,Parqueo,1.BI Premier VISA,Parking,Parqueo Vistares,09/11/2024,Expense
1213,52,Reintegro,Planilla BI,Cash Refund,Zigi,10/11/2024,Income
1214,8.15,Loss,Planilla BI,Loss,,10/11/2024,Expense
1215,65.08,Fuel,1.BI Premier VISA,Fuel,Moto,10/11/2024,Expense
1216,10,Parqueo U,Cash,Parking,Universidad,10/11/2024,Expense
1217,100,Almuerzo,Cash,Restaurants,Salidas,10/11/2024,Expense
1218,24.2,Almuerzo,1.BI Premier VISA,Restaurants,Salidas,10/11/2024,Expense
1219,30,Bebidas,Cash,Drinks,Salidas,10/11/2024,Expense
1220,200,Clothing,1.BI Premier VISA,Clothing,Seguro Lentes,11/11/2024,Expense
1221,5,Parqueo,1.BI Premier VISA,Parking,Moto,11/11/2024,Expense
1222,63,Almuerzo,1.BI Premier VISA,Restaurants,Mac,12/11/2024,Expense
1223,2980.1,Planilla Bi,Planilla BI,Salary,Planilla BI,13/11/2024,Income
1224,35,Accesorios,Cash,Accesorios,Topes lentes,14/11/2024,Expense
1225,30,Tools,Planilla BI,Tools,Penales,14/11/2024,Expense
1226,35,Loss,Cash,Other,,14/11/2024,Income
1227,40,Groceries,Cash,Groceries,,15/11/2024,Expense
1228,112,Almuerzo,1.BI Premier VISA,Restaurants,Salidas,16/11/2024,Expense
1229,400.75,Clothing,1.BI Premier VISA,Clothing,,16/11/2024,Expense
1230,39,Gift,1.BI Premier VISA,Gifts,Para Hazel,16/11/2024,Expense
1231,530.75,Clothing,1.BI Premier VISA,Clothing,,16/11/2024,Expense
1232,15,Parqueo Mira,1.BI Premier VISA,Parking,Moto,16/11/2024,Expense
1233,78,Almuerzo,1.BI Premier VISA,Restaurants,Salidas,16/11/2024,Expense
1234,5,Clothing,Cash,Clothing,Ajuste,16/11/2024,Expense
1235,135,Sale,Cash,Sale,Skullcandy,17/11/2024,Income
1236,20,Housing,Cash,Housing,Bolsas,17/11/2024,Expense
1237,11,Gift,1.BI Premier VISA,Gifts,Para Hazel,18/11/2024,Expense
1238,65.02,Fuel,1.BI Premier VISA,Fuel,Moto,20/11/2024,Expense
1239,18.5,Peaje VAS,1.BI Premier VISA,Transportation,,20/11/2024,Expense
1240,13.5,Peaje VAS,1.BI Premier VISA,Transportation,,20/11/2024,Expense
1241,88,Almuerzo,1.BI Premier VISA,Restaurants,Salidas,20/11/2024,Expense
1242,39,Almuerzo,1.BI Premier VISA,Restaurants,Salidas,20/11/2024,Expense
1243,15,Parqueo,1.BI Premier VISA,Parking,Moto,20/11/2024,Expense
1244,18.5,Peaje VAS,1.BI Premier VISA,Transportation,,20/11/2024,Expense
1245,100,Pictures,Planilla BI,Entertainment,Fotos Navideñas,21/11/2024,Expense
1246,25,Parqueo Banco,1.BI Premier VISA,Parking,Moto,22/11/2024,Expense
1247,24,Coffee,1.BI Premier VISA,Restaurants,Desayuno,22/11/2024,Expense
1248,5,Groceries,Cash,Groceries,,22/11/2024,Expense
1249,60,Almuerzo,1.BI Premier VISA,Restaurants,Almuerzo,22/11/2024,Expense
1250,81.58,Ajuste,1.BI Premier VISA,Other,,23/11/2024,Income
1251,100,Recuperación,1.BI Premier VISA,Education,,23/11/2024,Expense
1252,45,Tools,1.BI Premier VISA,Tools,Espuma,23/11/2024,Expense
1253,47,Accesorios,1.BI Premier VISA,Accesorios,Adaptador Dp a HDMI,23/11/2024,Expense
1254,208.33,DR160S BI MOM,Planilla BI,Motorcycle,DR160S,23/11/2024,Expense
1255,243.83,DR160S BI PREMIER,1.BI Premier VISA,Motorcycle,DR160S,23/11/2024,Expense
1256,342,Technology,1.BI Premier VISA,Technology,,23/11/2024,Expense
1257,586,Technology,1.BI Premier VISA,Technology,Reloj Xiaomi,23/11/2024,Expense
1258,15,Loss,Cash,Loss,,23/11/2024,Expense
1259,60,Fuel,1.BI Premier VISA,Fuel,Moto,24/11/2024,Expense
1260,101,Almuerzo,1.BI Premier VISA,Restaurants,Almuerzo,24/11/2024,Expense
1261,32,Peaje VAS,1.BI Premier VISA,Transportation,,24/11/2024,Expense
1262,55,Gift,1.BI Premier VISA,Gifts,Para Hazel,24/11/2024,Expense
1263,55,Reintegro,Cash,Cash Refund,,24/11/2024,Income
1264,50,Gift,Cash,Gifts,Para Hazel,24/11/2024,Expense
1265,15,Parqueo,1.BI Premier VISA,Parking,Parqueo Pradera Concep,24/11/2024,Expense
1266,15,Parqueo Oakland,1.BI Premier VISA,Parking,Parqueo Oakland,24/11/2024,Expense
1267,33.05,Groceries,1.BI Premier VISA,Groceries,,24/11/2024,Expense
1268,20,Corte Pelo,Cash,Clothing,,25/11/2024,Expense
1269,10,Groceries,Cash,Groceries,,26/11/2024,Expense
1270,154.1,DR160S BAC GOLD,3.BAC Gold Mastercard,Motorcycle,DR160S,26/11/2024,Expense
1271,311,Clothing,1.BI Premier VISA,Clothing,,26/11/2024,Expense
1272,53,Almuerzo,1.BI Premier VISA,Restaurants,Almuerzo,26/11/2024,Expense
1273,25,Parqueo,1.BI Premier VISA,Parking,Moto,27/11/2024,Expense
1274,24,Coffee,1.BI Premier VISA,Restaurants,,27/11/2024,Expense
1275,35,Almuerzo,Planilla BI,Restaurants,Almuerzo,27/11/2024,Expense
1276,45.01,Fuel,1.BI Premier VISA,Fuel,Moto,27/11/2024,Expense
1277,2905.1,Planilla Bi,Planilla BI,Salary,Planilla BI,27/11/2024,Income
1278,1127.05,Prestaciones,Planilla BI,Bonuses & Commissions,Planilla BI,28/11/2024,Income
1279,21.06,Loss,Planilla BI,Other,,28/11/2024,Income
1280,58,Almuerzo,1.BI Premier VISA,Restaurants,Almuerzo,28/11/2024,Expense
1281,440,Gift,Planilla BI,Gifts,Maribel,29/11/2024,Expense
1282,260,Internet Bill,Planilla BI,Internet,,29/11/2024,Expense
1283,15,Gift,Cash,Gifts,,29/11/2024,Expense
1284,10,Groceries,Cash,Groceries,,29/11/2024,Expense
1285,10,Parqueo,1.BI Premier VISA,Parking,,30/11/2024,Expense
1286,10,Parqueo,1.BI Premier VISA,Parking,Moto,30/11/2024,Expense
1287,300,Pictures,1.BI Premier VISA,Entertainment,Fotos Navideñas,30/11/2024,Expense
1288,100,Reintegro,Cash,Cash Refund,Fotos Navideñas,30/11/2024,Income
1289,50,Almuerzo,Planilla BI,Restaurants,Salidas,30/11/2024,Expense
1290,110.41,Accesorios,1.BI Premier VISA,Accesorios,Adaptador Usb c,30/11/2024,Expense
1291,210,Groceries,Planilla BI,Groceries,,30/11/2024,Expense
1292,0.03,Ajuste,Monetaria BAC,Other,,01/12/2024,Income
1293,85,Almuerzo,1.BI Premier VISA,Restaurants,Salidas,01/12/2024,Expense
1294,814.99,Clothing,1.BI Premier VISA,Clothing,Zapatos Roy,01/12/2024,Expense
1295,5,Parqueo,1.BI Premier VISA,Parking,Moto,01/12/2024,Expense
1296,25,Parqueo Banco,1.BI Premier VISA,Parking,Moto,02/12/2024,Expense
1297,33.23,Suscripciones,1.BI Premier VISA,Suscripciones,,02/12/2024,Expense
1298,25,Parqueo Banco,1.BI Premier VISA,Parking,Moto,03/12/2024,Expense
1299,29,Almuerzo,1.BI Premier VISA,Restaurants,Almuerzo,03/12/2024,Expense
1300,58,Fuel,1.BI Premier VISA,Fuel,Moto,04/12/2024,Expense
1301,25,Parqueo,1.BI Premier VISA,Parking,Moto,04/12/2024,Expense
1302,50,Gift,Planilla BI,Gifts,Donación,04/12/2024,Expense
1303,25,Parqueo Banco,1.BI Premier VISA,Parking,Moto,05/12/2024,Expense
1304,65,Almuerzo,Cash,Restaurants,Almuerzo,05/12/2024,Expense
1305,25,Parqueo,1.BI Premier VISA,Parking,Moto,06/12/2024,Expense
1306,145,Internet,1.BI Premier VISA,Internet,,06/12/2024,Expense
1307,79.22,Suscripciones,1.BI Premier VISA,Suscripciones,,06/12/2024,Expense
1308,33,Almuerzo,1.BI Premier VISA,Restaurants,Almuerzo,06/12/2024,Expense
1309,45.01,Fuel,1.BI Premier VISA,Fuel,Moto,06/12/2024,Expense
1310,50,Almuerzo,1.BI Premier VISA,Restaurants,Almuerzo,07/12/2024,Expense
1311,77,Almuerzo,Planilla BI,Restaurants,Salidas,07/12/2024,Expense
1312,10,Groceries,Cash,Groceries,,08/12/2024,Expense
1313,15,Groceries,Cash,Groceries,,08/12/2024,Expense
1314,10,Groceries,Cash,Groceries,,08/12/2024,Expense
1315,83.85,Gift,1.BI Premier VISA,Gifts,Cheesecake,10/12/2024,Expense
1316,13,Groceries,Planilla BI,Groceries,,11/12/2024,Expense
1317,2930.1,Planilla Bi,Planilla BI,Salary,Planilla BI,12/12/2024,Income
1318,5,Mantenimiento Moto,Cash,Motorcycle,pinchazos,12/12/2024,Expense
1319,10,Groceries,Cash,Groceries,,13/12/2024,Expense
1320,92,Almuerzo,1.BI Premier VISA,Restaurants,Salidas,13/12/2024,Expense
1321,10,Parqueo,1.BI Premier VISA,Parking,Moto,13/12/2024,Expense
1322,32,Peaje VAS,1.BI Premier VISA,Transportation,,14/12/2024,Expense
1323,60.03,Fuel,1.BI Premier VISA,Fuel,Moto,14/12/2024,Expense
1324,180,Almuerzo,1.BI Premier VISA,Restaurants,Salidas,14/12/2024,Expense
1325,25,Parqueo,1.BI Premier VISA,Parking,Moto,14/12/2024,Expense
1326,260.75,Accesorios,1.BI Premier VISA,Accesorios,Zara perfume,15/12/2024,Expense
1327,600,Prestamo,Ahorro BI,Personal Credit,Yo > Carlos,17/12/2024,Expense
1328,32,Peaje VAS,1.BI Premier VISA,Transportation,,17/12/2024,Expense
1329,25,Parqueo,1.BI Premier VISA,Parking,Moto,18/12/2024,Expense
1330,60,Fuel,1.BI Premier VISA,Fuel,Moto,18/12/2024,Expense
1331,51.7,Groceries,1.BI Premier VISA,Groceries,,18/12/2024,Expense
1332,25,Parqueo,1.BI Premier VISA,Parking,Moto,19/12/2024,Expense
1333,61,Almuerzo,1.BI Premier VISA,Restaurants,Almuerzo,19/12/2024,Expense
1334,25,Parqueo,1.BI Premier VISA,Parking,Moto,20/12/2024,Expense
1335,30,Mantenimiento Moto,Cash,Motorcycle,Lavado,21/12/2024,Expense
1336,10,Groceries,Cash,Groceries,,21/12/2024,Expense
1337,55,Almuerzo,1.BI Premier VISA,Restaurants,Almuerzo,21/12/2024,Expense
1338,35,Groceries,Cash,Groceries,,22/12/2024,Expense
1339,25,Parqueo,1.BI Premier VISA,Parking,Moto,23/12/2024,Expense
1340,208.33,DR160S BI MOM,Planilla BI,Motorcycle,DR160S,23/12/2024,Expense
1341,243.83,DR160S BI PREMIER,1.BI Premier VISA,Motorcycle,DR160S,23/12/2024,Expense
1342,586,Technology,1.BI Premier VISA,Technology,Reloj Xiaomi,23/12/2024,Expense
1343,77,Almuerzo,1.BI Premier VISA,Restaurants,Almuerzo,23/12/2024,Expense
1344,10,Groceries,Cash,Groceries,,23/12/2024,Expense
1345,30,Almuerzo,1.BI Premier VISA,Restaurants,Almuerzo,24/12/2024,Expense
1346,15,Reintegro,Cash,Cash Refund,,24/12/2024,Income
1347,68.67,Fuel,1.BI Premier VISA,Fuel,Moto,25/12/2024,Expense
1348,154.1,DR160S BAC GOLD,3.BAC Gold Mastercard,Motorcycle,DR160S,25/12/2024,Expense
1349,55,Internet,1.BI Premier VISA,Internet,,25/12/2024,Expense
1350,50,Reintegro,Cash,Cash Refund,,25/12/2024,Income
1351,25,Groceries,Cash,Groceries,,25/12/2024,Expense
1352,15,Uber,Cash,Transportation,Uber,26/12/2024,Expense
1353,37,Almuerzo,Planilla BI,Restaurants,Almuerzo,26/12/2024,Expense
1354,20,Uber,Cash,Transportation,Uber,26/12/2024,Expense
1355,1240.19,Mantenimiento Moto,1.BI Premier VISA,Motorcycle,Mantenimiento 18K Problema Clutch,26/12/2024,Expense
1356,2930.1,Planilla Bi,Planilla BI,Salary,Planilla BI,26/12/2024,Income
1357,25,Parqueo,1.BI Premier VISA,Parking,Moto,27/12/2024,Expense
1358,154.1,Ajuste,3.BAC Gold Mastercard,Loss,,27/12/2024,Expense
1359,0.84,Ajuste,3.BAC Gold Mastercard,Other,,27/12/2024,Income
1360,154.1,Ajuste,3.BAC Gold Mastercard,Loss,,27/12/2024,Expense
1361,240,Housing,Planilla BI,Housing,,27/12/2024,Expense
1362,1,Loss,Planilla BI,Loss,,27/12/2024,Expense
1363,260,Internet Bill,Planilla BI,Internet,,27/12/2024,Expense
1364,39,Almuerzo,Planilla BI,Restaurants,,27/12/2024,Expense
1365,44,Almuerzo,1.BI Premier VISA,Restaurants,Almuerzo,27/12/2024,Expense
1366,15,Parqueo,1.BI Premier VISA,Parking,Moto,27/12/2024,Expense
1367,18.5,Peaje VAS,1.BI Premier VISA,Transportation,,28/12/2024,Expense
1368,31,Almuerzo,1.BI Premier VISA,Restaurants,Almuerzo,28/12/2024,Expense
1369,16,Internet,1.BI Premier VISA,Internet,,28/12/2024,Expense
1370,15,Parqueo,1.BI Premier VISA,Parking,Moto,28/12/2024,Expense
1371,239.45,Insumos personales,1.BI Premier VISA,Housing,,28/12/2024,Expense
1372,52,Accesorios,1.BI Premier VISA,Accesorios,Audifonos Cablearos,28/12/2024,Expense
1373,160.14,Loss,1.BI Premier VISA,Loss,,28/12/2024,Expense
1374,196.3,Housing,1.BI Premier VISA,Housing,Pintura,29/12/2024,Expense
1375,21.77,Housing,1.BI Premier VISA,Housing,Colgador Baño,29/12/2024,Expense
1376,48,Housing,1.BI Premier VISA,Housing,,29/12/2024,Expense
1377,25,Parqueo,1.BI Premier VISA,Parking,Moto,30/12/2024,Expense
1378,43,Almuerzo,1.BI Premier VISA,Restaurants,Almuerzo,30/12/2024,Expense
1379,70.05,Fuel,1.BI Premier VISA,Fuel,Moto,30/12/2024,Expense
1380,95,Almuerzo,1.BI Premier VISA,Restaurants,Salidas,30/12/2024,Expense
1381,119.85,Housing,1.BI Premier VISA,Housing,Pintura,30/12/2024,Expense
1382,30,Reintegro,Cash,Cash Refund,,31/12/2024,Income
1383,20,Groceries,Cash,Groceries,,31/12/2024,Expense
1384,110,Internet,1.BI Premier VISA,Internet,,01/01/2025,Expense
1385,10,Groceries,Cash,Groceries,,01/01/2025,Expense
1386,5,Bebidas,Cash,Drinks,,01/01/2025,Expense
1387,39.57,Suscripciones,1.BI Premier VISA,Suscripciones,,02/01/2025,Expense
1388,100,Prestamo,Cash,Cash Refund,Mauricio de Leon > Yo : Reparaciones Carro,02/01/2025,Income
1389,40,Reintegro,Planilla BI,Cash Refund,Spotify,02/01/2025,Income
1390,200,Prestamo,Ahorro BI,Cash Refund,Mauricio de Leon > Yo : Reparaciones Carro,03/01/2025,Income
1391,5,Bebidas,Cash,Drinks,,03/01/2025,Expense
1392,20,Corte Pelo,Cash,Clothing,,03/01/2025,Expense
1393,52,Cena,1.BI Premier VISA,Restaurants,Cena,03/01/2025,Expense
1394,10,Membership Club Bi,Planilla BI,Subscriptions,Otros Gastos,04/01/2025,Expense
1395,142,Cena,1.BI Premier VISA,Restaurants,Key,04/01/2025,Expense
1396,32,Peaje VAS,1.BI Premier VISA,Transportation,Salidas,04/01/2025,Expense
1397,200,Technology,1.BI Premier VISA,Technology,MESH,04/01/2025,Expense
1398,10,Parqueo,1.BI Premier VISA,Parking,Moto,04/01/2025,Expense
1399,82,Almuerzo,1.BI Premier VISA,Restaurants,Almuerzo,04/01/2025,Expense
1400,79.22,Suscripciones,1.BI Premier VISA,Suscripciones,,06/01/2025,Expense
1401,10,Groceries,Cash,Groceries,,06/01/2025,Expense
1402,150,Accesorios,Cash,Accesorios,Lentes Sol,07/01/2025,Expense
1403,64.14,Fuel,1.BI Premier VISA,Fuel,Moto,07/01/2025,Expense
1404,5,Groceries,Cash,Groceries,,07/01/2025,Expense
1405,29,Almuerzo,1.BI Premier VISA,Restaurants,Almuerzo,07/01/2025,Expense
1406,5,Bebidas,Cash,Drinks,,07/01/2025,Expense
1407,41.5,Almuerzo,1.BI Premier VISA,Restaurants,Almuerzo,09/01/2025,Expense
1408,55,Internet,1.BI Premier VISA,Internet,,09/01/2025,Expense
1409,50,Reintegro,Cash,Cash Refund,,09/01/2025,Income
1410,41.5,Reintegro,Planilla BI,Cash Refund,,10/01/2025,Income
1411,20,Coffee,Cash,Restaurants,Salidas,10/01/2025,Expense
1412,30,Mantenimiento Moto,Cash,Motorcycle,Lavado,11/01/2025,Expense
1413,25,Groceries,Cash,Groceries,,11/01/2025,Expense
1414,20,Groceries,Cash,Groceries,,11/01/2025,Expense
1415,55,Reintegro,Planilla BI,Cash Refund,,12/01/2025,Income
1416,100,Almuerzo,1.BI Premier VISA,Restaurants,Salidas,12/01/2025,Expense
1417,357.28,Technology,Planilla BI,Technology,,13/01/2025,Expense
1418,2873.04,Planilla Bi,Planilla BI,Salary,Planilla BI,13/01/2025,Income
1419,10,Groceries,Cash,Groceries,,13/01/2025,Expense
1420,5,Groceries,Cash,Groceries,,15/01/2025,Expense
1421,11.98,Tools,1.BI Premier VISA,Tools,Termoencogible,15/01/2025,Expense
1422,26.5,Gift,Planilla BI,Gifts,Pastel,17/01/2025,Expense
1423,51.09,Fuel,1.BI Premier VISA,Fuel,Moto,17/01/2025,Expense
1424,14,Groceries,1.BI Premier VISA,Groceries,,18/01/2025,Expense
1425,5,Bebidas,Cash,Drinks,,18/01/2025,Expense
1426,5,Groceries,Cash,Groceries,,18/01/2025,Expense
1427,5,Parqueo,Cash,Parking,Moto,18/01/2025,Expense
1428,15,Parqueo,1.BI Premier VISA,Parking,Moto,18/01/2025,Expense
1429,8,Housing,1.BI Premier VISA,Housing,,18/01/2025,Expense
1430,23,Almuerzo,1.BI Premier VISA,Restaurants,Almuerzo,18/01/2025,Expense
1431,20,Mantenimiento Moto,Cash,Motorcycle,Lavado,19/01/2025,Expense
1432,25.71,Gift,Planilla BI,Gifts,Pastel,20/01/2025,Expense
1433,102,Almuerzo,1.BI Premier VISA,Restaurants,Salidas,21/01/2025,Expense
1434,29,Almuerzo,1.BI Premier VISA,Restaurants,Almuerzo,21/01/2025,Expense
1435,15,Parqueo,1.BI Premier VISA,Parking,Moto,21/01/2025,Expense
1436,243.83,DR160S BI PREMIER,1.BI Premier VISA,Motorcycle,DR160S,23/01/2025,Expense
1437,586,Technology,1.BI Premier VISA,Technology,Reloj Xiaomi,23/01/2025,Expense
1438,5,Groceries,Cash,Groceries,,24/01/2025,Expense
1439,25,Parqueo Banco,1.BI Premier VISA,Parking,Moto,24/01/2025,Expense
1440,17,Coffee,1.BI Premier VISA,Restaurants,Desayuno,24/01/2025,Expense
1441,67.5,Almuerzo,1.BI Premier VISA,Restaurants,Almuerzo,24/01/2025,Expense
1442,70,Fuel,1.BI Premier VISA,Fuel,Moto,24/01/2025,Expense
1443,80,Almuerzo,1.BI Premier VISA,Restaurants,Almuerzo,24/01/2025,Expense
1444,20,Reintegro,Monetaria BAC,Cash Refund,Spotify,25/01/2025,Income
1445,154.1,DR160S BAC GOLD,3.BAC Gold Mastercard,Motorcycle,DR160S,26/01/2025,Expense
1446,89.99,Housing,1.BI Premier VISA,Housing,extensión,26/01/2025,Expense
1447,605,Inscripción U,1.BI Premier VISA,Education,Universidad,26/01/2025,Expense
1448,55,Internet,1.BI Premier VISA,Internet,,26/01/2025,Expense
1449,208.33,DR160S BI MOM,Planilla BI,Motorcycle,DR160S,27/01/2025,Expense
1450,850,Prestamo,3.BAC Gold Mastercard,Personal Credit,Yo > Mauricio de Leon : Reparaciones Carro,27/01/2025,Expense
1451,2863.04,Planilla Bi,Planilla BI,Salary,Planilla BI,27/01/2025,Income
1452,40,Almuerzo,Planilla BI,Restaurants,Salidas,27/01/2025,Expense
1453,11,Gift,1.BI Premier VISA,Gifts,,27/01/2025,Expense
1454,100,Housing,Cash,Housing,Otros Gastos,27/01/2025,Expense
1455,5,Groceries,Cash,Groceries,,27/01/2025,Expense
1456,175,Accesorios,1.BI Premier VISA,Accesorios,Hidrogel 14T,28/01/2025,Expense
1457,600,Accesorios,1.BI Premier VISA,Medical & Healthcare,Lentes Aereos,28/01/2025,Expense
1458,10,Parqueo,1.BI Premier VISA,Parking,Moto,28/01/2025,Expense
1459,34.99,Gift,1.BI Premier VISA,Gifts,Refrigerante,28/01/2025,Expense
1460,23,Cena,1.BI Premier VISA,Restaurants,Cena,28/01/2025,Expense
1461,36,Almuerzo,1.BI Premier VISA,Restaurants,Almuerzo,31/01/2025,Expense
1462,110,Internet,1.BI Premier VISA,Internet,,01/02/2025,Expense
1463,645,Accesorios,1.BI Premier VISA,Medical & Healthcare,Lentes Aereos,01/02/2025,Expense
1464,10,Parqueo,1.BI Premier VISA,Parking,Moto,01/02/2025,Expense
1465,14,Red Bull,1.BI Premier VISA,Energizantes,,01/02/2025,Expense
1466,66.78,Fuel,1.BI Premier VISA,Fuel,Moto,01/02/2025,Expense
1467,85.8,Almuerzo,1.BI Premier VISA,Restaurants,Salidas,01/02/2025,Expense
1468,15,Parqueo,Cash,Parking,Moto,01/02/2025,Expense
1469,10,Parqueo U,Cash,Parking,Universidad,02/02/2025,Expense
1470,10,Groceries,Cash,Groceries,,02/02/2025,Expense
1471,38.59,Suscripciones,1.BI Premier VISA,Suscripciones,,02/02/2025,Expense
1472,20,Almuerzo,Cash,Restaurants,Universidad,02/02/2025,Expense
1473,10,Groceries,Cash,Groceries,,02/02/2025,Expense
1474,5,Groceries,Cash,Groceries,,02/02/2025,Expense
1475,25,Parqueo,1.BI Premier VISA,Parking,Moto,03/02/2025,Expense
1476,23.8,Health,1.BI Premier VISA,Medical & Healthcare,,03/02/2025,Expense
1477,8,Groceries,1.BI Premier VISA,Groceries,,03/02/2025,Expense
1478,25,Parqueo,1.BI Premier VISA,Parking,Moto,04/02/2025,Expense
1479,17,Coffee,1.BI Premier VISA,Restaurants,Desayuno,04/02/2025,Expense
1480,10,Membership Club Bi,Planilla BI,Subscriptions,Otros Gastos,04/02/2025,Expense
1481,17,Coffee,1.BI Premier VISA,Restaurants,Desayuno,05/02/2025,Expense
1482,25,Parqueo,1.BI Premier VISA,Parking,Moto,05/02/2025,Expense
1483,34.9,Almuerzo,1.BI Premier VISA,Restaurants,Almuerzo,05/02/2025,Expense
1484,25,Parqueo,1.BI Premier VISA,Parking,Moto,06/02/2025,Expense
1485,17,Coffee,1.BI Premier VISA,Restaurants,Almuerzo,06/02/2025,Expense
1486,29,Almuerzo,1.BI Premier VISA,Restaurants,Almuerzo,06/02/2025,Expense
1487,77.26,Suscripciones,1.BI Premier VISA,Suscripciones,,06/02/2025,Expense
1488,8,Groceries,Planilla BI,Groceries,,06/02/2025,Expense
1489,82,Fuel,1.BI Premier VISA,Fuel,Moto,06/02/2025,Expense
1490,25,Parqueo,1.BI Premier VISA,Parking,Moto,07/02/2025,Expense
1491,34.99,Almuerzo,1.BI Premier VISA,Restaurants,Almuerzo,07/02/2025,Expense
1492,15,Parqueo,1.BI Premier VISA,Parking,Moto,07/02/2025,Expense
1493,78,Almuerzo,1.BI Premier VISA,Restaurants,Salidas,07/02/2025,Expense
1494,800,Reintegro,Planilla BI,Cash Refund,Lentes BI,07/02/2025,Income
1495,15,Parqueo,1.BI Premier VISA,Parking,Moto,07/02/2025,Expense
1496,55,Prestamo,Cash,Cash Refund,Hazel > Yo : Internet,07/02/2025,Income
1497,345,Prestamo,Cash,Cash Refund,Hazel > Yo : Lentes,07/02/2025,Income
1498,20,Groceries,Cash,Groceries,,08/02/2025,Expense
1499,100,Prestamo,Cash,Cash Refund,Hazel > Yo : Lentes,08/02/2025,Income
1500,100,Sale,Cash,Sale,Mouse Lenovo,08/02/2025,Income
1501,40,Sale,Cash,Sale,Teclado y Mouse,08/02/2025,Income
1502,140,Sale,Monetaria BAC,Sale,Teclado y Mouse,08/02/2025,Income
1503,10,Parqueo U,Cash,Parking,Universidad,09/02/2025,Expense
1504,10,Gift,Cash,Gifts,,09/02/2025,Expense
1505,10,Groceries,Cash,Groceries,,09/02/2025,Expense
1506,36.75,Almuerzo,1.BI Premier VISA,Restaurants,Almuerzo,09/02/2025,Expense
1507,5,Groceries,Cash,Groceries,,09/02/2025,Expense
1508,24.5,Groceries,1.BI Premier VISA,Groceries,,09/02/2025,Expense
1509,650,Mensualidad U,1.BI Premier VISA,Education,Ingles,10/02/2025,Expense
1510,5,Groceries,Cash,Groceries,,11/02/2025,Expense
1511,5,Groceries,Cash,Groceries,,12/02/2025,Expense
1512,5,Groceries,Cash,Groceries,,12/02/2025,Expense
1513,15,Groceries,Cash,Groceries,,12/02/2025,Expense
1514,208.33,DR160S BI MOM,Planilla BI,Motorcycle,DR160S,13/02/2025,Expense
1515,20,Corte Pelo,Cash,Clothing,,13/02/2025,Expense
1516,2786.22,Planilla Bi,Planilla BI,Salary,Planilla BI,13/02/2025,Income
1517,4000,Prestamo,Ahorro BI,Personal Credit,Yo > Hazel : Lentes,13/02/2025,Expense
1518,18.5,Peaje VAS,1.BI Premier VISA,Transportation,,15/02/2025,Expense
1519,75.1,Fuel,1.BI Premier VISA,Fuel,Moto,15/02/2025,Expense
1520,43,Almuerzo,1.BI Premier VISA,Restaurants,Almuerzo,15/02/2025,Expense
1521,10,Technology,Cash,Technology,eSIM,15/02/2025,Expense
1522,15,Parqueo,1.BI Premier VISA,Parking,Moto,15/02/2025,Expense
1523,15,Parqueo,1.BI Premier VISA,Parking,Moto,15/02/2025,Expense
1524,12.5,Groceries,1.BI Premier VISA,Groceries,,15/02/2025,Expense
1525,5,Parqueo,1.BI Premier VISA,Parking,Moto,15/02/2025,Expense
1526,15,Parqueo,1.BI Premier VISA,Parking,Moto,15/02/2025,Expense
1527,10,Parqueo U,Cash,Parking,Universidad,16/02/2025,Expense
1528,25,Almuerzo,Cash,Restaurants,Universidad,16/02/2025,Expense
1529,10,Groceries,Cash,Groceries,,16/02/2025,Expense
1530,200,Sale,Cash,Sale,Audifonos,16/02/2025,Income
1531,35,Almuerzo,1.BI Premier VISA,Restaurants,Almuerzo,17/02/2025,Expense
1532,500,Sale,Cash,Sale,Telefono,17/02/2025,Income
1533,10,Groceries,Cash,Groceries,,17/02/2025,Expense
1534,10,Groceries,Cash,Groceries,,19/02/2025,Expense
1535,25,Gift,Planilla BI,Gifts,Aporte Convivio,19/02/2025,Expense
1536,18.92,Reintegro,Planilla BI,Bonuses & Commissions,,19/02/2025,Income
1537,10,Groceries,Cash,Groceries,,20/02/2025,Expense
1538,20,Groceries,Cash,Groceries,,20/02/2025,Expense
1539,16,Accesorios,1.BI Premier VISA,Accesorios,Estuche cepillo,20/02/2025,Expense
1540,54.4,Fuel,1.BI Premier VISA,Fuel,Moto,22/02/2025,Expense
1541,15,Accesorios,1.BI Premier VISA,Accesorios,,22/02/2025,Expense
1542,43,Almuerzo,1.BI Premier VISA,Restaurants,Almuerzo,22/02/2025,Expense
1543,15,Parqueo,1.BI Premier VISA,Parking,Moto,22/02/2025,Expense
1544,10,Parqueo U,Cash,Parking,Universidad,23/02/2025,Expense
1545,5,Groceries,Cash,Groceries,,23/02/2025,Expense
1546,243.83,DR160S BI PREMIER,1.BI Premier VISA,Motorcycle,DR160S,23/02/2025,Expense
1547,439.9,Xiaomi 14T,1.BI Premier VISA,Technology,,23/02/2025,Expense
1548,49,Almuerzo,Planilla BI,Restaurants,Universidad,23/02/2025,Expense
1549,17,Groceries,1.BI Premier VISA,Groceries,,23/02/2025,Expense
1550,5,Groceries,Cash,Groceries,,24/02/2025,Expense
1551,575,Ingles,2.BI Clasic Mastercard,Education,,24/02/2025,Expense
1552,15,Parqueo,2.BI Clasic Mastercard,Parking,Moto,24/02/2025,Expense
1553,31,Almuerzo,2.BI Clasic Mastercard,Restaurants,Almuerzo,24/02/2025,Expense
1554,52,Almuerzo,2.BI Clasic Mastercard,Restaurants,Almuerzo,25/02/2025,Expense
1555,165,Gift,2.BI Clasic Mastercard,Gifts,,26/02/2025,Expense
1556,40,Reintegro,Planilla BI,Cash Refund,,27/02/2025,Income
1557,154.1,DR160S BAC GOLD,3.BAC Gold Mastercard,Motorcycle,DR160S,27/02/2025,Expense
1558,2866.22,Planilla Bi,Planilla BI,Salary,Planilla BI,27/02/2025,Income
1559,200,Prestamo,Cash,Cash Refund,Hazel > Me : Lentes,27/02/2025,Income
1560,40,Reintegro,Planilla BI,Cash Refund,,28/02/2025,Income
1561,260,Internet Bill,Planilla BI,Internet,,28/02/2025,Expense
1562,140,Housing,Planilla BI,Housing,,28/02/2025,Expense
1563,15.85,Videogames,1.BI Premier VISA,Entertainment,,28/02/2025,Expense
1564,113.79,Loss,3.BAC Gold Mastercard,Other,,01/03/2025,Income
1565,5,Groceries,Cash,Groceries,,01/03/2025,Expense
1566,500,Sale,Cash,Sale,Telefono,01/03/2025,Income
1567,10,Membership Club Bi,Planilla BI,Subscriptions,,01/03/2025,Expense
1568,31,Almuerzo,2.BI Clasic Mastercard,Restaurants,Almuerzo,01/03/2025,Expense
1569,20,Gift,Cash,Gifts,Para Hazel,01/03/2025,Expense
1570,18.01,Groceries,2.BI Clasic Mastercard,Groceries,,01/03/2025,Expense
1571,15,Parqueo,2.BI Clasic Mastercard,Parking,Moto,01/03/2025,Expense
1572,20,Almuerzo,Cash,Restaurants,Almuerzo,01/03/2025,Expense
1573,17,Red Bull,2.BI Clasic Mastercard,Energizantes,,01/03/2025,Expense
1574,10,Parqueo U,Cash,Parking,Moto|Universidad,02/03/2025,Expense
1575,38.46,Suscripciones,1.BI Premier VISA,Suscripciones,,02/03/2025,Expense
1576,5,Groceries,Cash,Groceries,,02/03/2025,Expense
1577,30,Almuerzo,Cash,Restaurants,Universidad,02/03/2025,Expense
1578,5,Groceries,Cash,Groceries,,02/03/2025,Expense
1579,44.99,Housing,2.BI Clasic Mastercard,Housing,Aromatizador,02/03/2025,Expense
1580,115,Internet,2.BI Clasic Mastercard,Internet,,03/03/2025,Expense
1581,15,Groceries,Cash,Groceries,,03/03/2025,Expense
1582,71,Almuerzo,2.BI Clasic Mastercard,Restaurants,Almuerzo,05/03/2025,Expense
1583,76.92,Suscripciones,1.BI Premier VISA,Suscripciones,,06/03/2025,Expense
1584,75.04,Fuel,2.BI Clasic Mastercard,Fuel,Moto,07/03/2025,Expense
1585,32,Peaje VAS,2.BI Clasic Mastercard,Transportation,Otros Gastos,08/03/2025,Expense
1586,31,Almuerzo,2.BI Clasic Mastercard,Restaurants,Almuerzo,08/03/2025,Expense
1587,18.9,Groceries,2.BI Clasic Mastercard,Groceries,,08/03/2025,Expense
1588,15,Parqueo,2.BI Clasic Mastercard,Parking,Moto,08/03/2025,Expense
1589,10,Parqueo U,Cash,Parking,Moto|Universidad,09/03/2025,Expense
1590,5,Groceries,Cash,Groceries,,09/03/2025,Expense
1591,25,Almuerzo,Cash,Restaurants,Almuerzo,09/03/2025,Expense
1592,17,Groceries,2.BI Clasic Mastercard,Groceries,,09/03/2025,Expense
1593,10,Loss,Cash,Loss,,10/03/2025,Expense
1594,506.25,Mensualidad U,3.BAC Gold Mastercard,Education,Universidad,12/03/2025,Expense
1595,5,Parqueo,2.BI Clasic Mastercard,Parking,Moto,12/03/2025,Expense
1596,182.25,Charges,3.BAC Gold Mastercard,Carges,Interes Cuotas,12/03/2025,Expense
1597,17,Coffee,2.BI Clasic Mastercard,Restaurants,Desayuno,13/03/2025,Expense
1598,38,Almuerzo,2.BI Clasic Mastercard,Restaurants,Almuerzo,13/03/2025,Expense
1599,868.61,Mantenimiento Moto,2.BI Clasic Mastercard,Motorcycle,21K Mantenimiento,13/03/2025,Expense
1600,2866.22,Planilla Bi,Planilla BI,Salary,Planilla BI,13/03/2025,Income
1601,25,Parqueo,2.BI Clasic Mastercard,Parking,Moto,14/03/2025,Expense
1602,17,Coffee,2.BI Clasic Mastercard,Restaurants,Desayuno,14/03/2025,Expense
1603,46,Almuerzo,2.BI Clasic Mastercard,Restaurants,Almuerzo,14/03/2025,Expense
1604,80,Fuel,2.BI Clasic Mastercard,Fuel,Moto,15/03/2025,Expense
1605,78,Almuerzo,2.BI Clasic Mastercard,Restaurants,Almuerzo,15/03/2025,Expense
1606,15,Parqueo,2.BI Clasic Mastercard,Parking,Moto,15/03/2025,Expense
1607,20,Groceries,Cash,Groceries,,16/03/2025,Expense
1608,10,Groceries,Cash,Groceries,,16/03/2025,Expense
1609,40,Almuerzo,2.BI Clasic Mastercard,Restaurants,Almuerzo,16/03/2025,Expense
1610,69.99,Tools,2.BI Clasic Mastercard,Tools,Candado casco,16/03/2025,Expense
1611,23,Groceries,2.BI Clasic Mastercard,Groceries,,16/03/2025,Expense
1612,64,Coffee,2.BI Clasic Mastercard,Restaurants,Salidas,17/03/2025,Expense
1613,15,Groceries,Cash,Groceries,,18/03/2025,Expense
1614,15,Groceries,Cash,Groceries,,19/03/2025,Expense
1615,79.92,Udemy,1.BI Premier VISA,Education,Selenium con Pytest,19/03/2025,Expense
1616,52,Reintegro,Planilla BI,Cash Refund,,21/03/2025,Income
1617,155,Almuerzo,1.BI Premier VISA,Restaurants,Salidas,21/03/2025,Expense
1618,48,Almuerzo,2.BI Clasic Mastercard,Restaurants,Almuerzo,22/03/2025,Expense
1619,21.4,Groceries,2.BI Clasic Mastercard,Groceries,,22/03/2025,Expense
1620,650,Ingles,2.BI Clasic Mastercard,Education,Gastos Personales,22/03/2025,Expense
1621,15,Parqueo,2.BI Clasic Mastercard,Parking,Moto,22/03/2025,Expense
1622,34.9,Almuerzo,1.BI Premier VISA,Restaurants,Salidas,22/03/2025,Expense
1623,350,Accesorios,Ahorro BI,Accesorios,Docking station,23/03/2025,Expense
1624,10,Parqueo,Cash,Parking,Moto,23/03/2025,Expense
1625,243.83,DR160S BI PREMIER,1.BI Premier VISA,Motorcycle,DR160S,23/03/2025,Expense
1626,194.5,Housing,1.BI Premier VISA,Housing,,23/03/2025,Expense
1627,439.9,Xiaomi 14T,1.BI Premier VISA,Technology,,23/03/2025,Expense
1628,25,Almuerzo,Cash,Restaurants,Universidad,23/03/2025,Expense
1629,5,Groceries,Cash,Groceries,,23/03/2025,Expense
1630,80.14,Fuel,1.BI Premier VISA,Fuel,Moto,23/03/2025,Expense
1631,52,Reintegro,Planilla BI,Cash Refund,,24/03/2025,Income
1632,79.92,Udemy,1.BI Premier VISA,Education,Vcenter V motion SO II,25/03/2025,Expense
1633,154.1,DR160S BAC GOLD,3.BAC Gold Mastercard,Motorcycle,DR160S,27/03/2025,Expense
1634,2866.22,Planilla Bi,Planilla BI,Salary,Planilla BI,27/03/2025,Income
1635,208.33,DR160S BI MOM,Planilla BI,Motorcycle,DR160S,28/03/2025,Expense
1636,260,Internet Bill,Planilla BI,Internet,,28/03/2025,Expense
1637,100,Prestamo,Cash,Cash Refund,Hazel > Me : Lentes,28/03/2025,Income
1638,50,Prestamo,Cash,Cash Refund,Hazel > Me : Lentes,28/03/2025,Income
1639,190,Housing,Planilla BI,Housing,Otros Gastos,28/03/2025,Expense
1640,14,Red Bull,1.BI Premier VISA,Energizantes,,29/03/2025,Expense
1641,150,Reintegro,Planilla BI,Cash Refund,,29/03/2025,Income
1642,31,Almuerzo,1.BI Premier VISA,Restaurants,Almuerzo,29/03/2025,Expense
1643,50,Gift,Cash,Gifts,Para Hazel,29/03/2025,Expense
1644,259,Gift,1.BI Premier VISA,Gifts,Perfume kim,29/03/2025,Expense
1645,15,Parqueo,1.BI Premier VISA,Parking,Moto,29/03/2025,Expense
1646,10,Groceries,Cash,Groceries,,30/03/2025,Expense
1647,50,Sale,3.BAC Gold Mastercard,Sale,Ram 8gb ddr4,30/03/2025,Income
1648,40,Almuerzo,Cash,Restaurants,Universidad,30/03/2025,Expense
1649,20,Reintegro,Planilla BI,Cash Refund,,31/03/2025,Income
1650,150,Reintegro,Planilla BI,Cash Refund,,31/03/2025,Income
1651,12,Internet,1.BI Premier VISA,Internet,,31/03/2025,Expense
1652,20,Corte Pelo,Cash,Clothing,,31/03/2025,Expense
1653,10,Groceries,Cash,Groceries,,31/03/2025,Expense
1654,20,Reintegro,Cash,Cash Refund,,31/03/2025,Income
1655,50,Reintegro,Cash,Cash Refund,,01/04/2025,Income
1656,0.24,Ajuste,2.BI Clasic Mastercard,Loss,,01/04/2025,Expense
1657,140,Ajuste,Monetaria BAC,Loss,,01/04/2025,Expense
1658,0.21,Ajuste,Monetaria Bi,Loss,,01/04/2025,Expense
1659,0.7,Ajuste,Ahorro BI,Other,,01/04/2025,Income
1660,38.49,Suscripciones,1.BI Premier VISA,Suscripciones,,02/04/2025,Expense
1661,10,Groceries,Cash,Groceries,,02/04/2025,Expense
1662,99.99,Housing,1.BI Premier VISA,Housing,Aromatizador Air Wick,02/04/2025,Expense
1663,50,Almuerzo,1.BI Premier VISA,Restaurants,Salidas,02/04/2025,Expense
1664,10,Membership Club Bi,Planilla BI,Subscriptions,Otros Gastos,03/04/2025,Expense
1665,150,Reintegro,Cash,Cash Refund,Cobre,03/04/2025,Income
1666,115,Internet,1.BI Premier VISA,Internet,,05/04/2025,Expense
1667,259,Gift,1.BI Premier VISA,Gifts,Perfume Eliazar,05/04/2025,Expense
1668,48,Almuerzo,1.BI Premier VISA,Restaurants,Almuerzo,05/04/2025,Expense
1669,15,Parqueo,1.BI Premier VISA,Parking,Moto,05/04/2025,Expense
1670,10,Parqueo U,Cash,Parking,Universidad,06/04/2025,Expense
1671,10,Groceries,Cash,Groceries,,06/04/2025,Expense
1672,77.05,Suscripciones,1.BI Premier VISA,Suscripciones,,06/04/2025,Expense
1673,35.99,Almuerzo,1.BI Premier VISA,Restaurants,Almuerzo,06/04/2025,Expense
1674,16.99,Groceries,1.BI Premier VISA,Groceries,,06/04/2025,Expense
1675,125,Almuerzo,1.BI Premier VISA,Restaurants,Salidas,06/04/2025,Expense
1676,79.29,Fuel,1.BI Premier VISA,Fuel,Moto,06/04/2025,Expense
1677,70,Almuerzo,Cash,Cash Refund,Salidas,06/04/2025,Income
1678,12,Internet,1.BI Premier VISA,Internet,,07/04/2025,Expense
1679,10,Internet,Cash,Cash Refund,,07/04/2025,Income
1680,29,Almuerzo,1.BI Premier VISA,Restaurants,Almuerzo,08/04/2025,Expense
1681,55,Housing,Cash,Housing,Llave de Baño,08/04/2025,Expense
1682,39,Mantenimiento Moto,1.BI Premier VISA,Motorcycle,Espejo,12/04/2025,Expense
1683,36,Almuerzo,1.BI Premier VISA,Restaurants,Almuerzo,12/04/2025,Expense
1684,15,Parqueo,1.BI Premier VISA,Parking,Moto,12/04/2025,Expense
1685,506.25,Mensualidad U,3.BAC Gold Mastercard,Education,Universidad,13/04/2025,Expense
1686,10,Parqueo U,Cash,Parking,Universidad,13/04/2025,Expense
1687,5,Groceries,Cash,Groceries,,13/04/2025,Expense
1688,400,Sale,Cash,Sale,M.2 1TB German,13/04/2025,Income
1689,33,Almuerzo,Planilla BI,Restaurants,Salidas,13/04/2025,Expense
1690,2866.22,Planilla Bi,Planilla BI,Salary,Planilla BI,13/04/2025,Income
1691,20,Groceries,Cash,Groceries,,14/04/2025,Expense
1692,45,Almuerzo,1.BI Premier VISA,Restaurants,Salidas,14/04/2025,Expense
1693,15,Parqueo,1.BI Premier VISA,Parking,Moto,14/04/2025,Expense
1694,10.2,Groceries,1.BI Premier VISA,Groceries,,15/04/2025,Expense
1695,76.06,Fuel,1.BI Premier VISA,Fuel,Moto,16/04/2025,Expense
1696,30,Mantenimiento Moto,Cash,Motorcycle,Lavado,16/04/2025,Expense
1697,16.99,Groceries,1.BI Premier VISA,Groceries,,17/04/2025,Expense
1698,32,Peaje VAS,1.BI Premier VISA,Transportation,Salidas,17/04/2025,Expense
1699,10,Groceries,Cash,Groceries,,17/04/2025,Expense
1700,12,Salida,Planilla BI,Entertainment,Laguna el Pino,17/04/2025,Expense
1701,60.9,Almuerzo,1.BI Premier VISA,Restaurants,Salidas,17/04/2025,Expense
1702,20,Coffee,Cash,Restaurants,Salidas,17/04/2025,Expense
1703,32,Peaje VAS,1.BI Premier VISA,Transportation,Salidas,17/04/2025,Expense
1704,10,Groceries,Cash,Groceries,,17/04/2025,Expense
1705,125.4,Almuerzo,1.BI Premier VISA,Restaurants,Salidas,18/04/2025,Expense
1706,50,Almuerzo,Cash,Restaurants,Almuerzo,19/04/2025,Expense
1707,66.04,Fuel,1.BI Premier VISA,Fuel,Moto,20/04/2025,Expense
1708,10,Groceries,Cash,Groceries,,20/04/2025,Expense
1709,25,Parqueo,1.BI Premier VISA,Parking,Moto,21/04/2025,Expense
1710,17,Coffee,1.BI Premier VISA,Restaurants,Desayuno,21/04/2025,Expense
1711,28,Coffee,1.BI Premier VISA,Restaurants,Desayuno,21/04/2025,Expense
1712,30,Gift,Planilla BI,Gifts,Para Hazel,21/04/2025,Expense
1713,6.5,Groceries,1.BI Premier VISA,Groceries,,21/04/2025,Expense
1714,44,Housing,1.BI Premier VISA,Housing,Cinta Steren,21/04/2025,Expense
1715,25,Parqueo,1.BI Premier VISA,Parking,Moto,22/04/2025,Expense
1716,8.5,Groceries,1.BI Premier VISA,Groceries,,22/04/2025,Expense
1717,25,Parqueo,1.BI Premier VISA,Parking,Moto,23/04/2025,Expense
1718,14.83,Almuerzo,Planilla BI,Restaurants,Almuerzo,23/04/2025,Expense
1719,243.83,DR160S BI PREMIER,1.BI Premier VISA,Motorcycle,DR160S,23/04/2025,Expense
1720,194.5,Housing,1.BI Premier VISA,Housing,,23/04/2025,Expense
1721,441,M.2 2TB,1.BI Premier VISA,Technology,Universidad,23/04/2025,Expense
1722,414.06,Motorcicle insurance,1.BI Premier VISA,Insurance,Moto,23/04/2025,Expense
1723,439.9,Xiaomi 14T,1.BI Premier VISA,Technology,,23/04/2025,Expense
1724,70,Almuerzo,1.BI Premier VISA,Restaurants,Salidas,23/04/2025,Expense
1725,25,Parqueo,1.BI Premier VISA,Parking,Moto,24/04/2025,Expense
1726,35.99,Almuerzo,1.BI Premier VISA,Restaurants,Almuerzo,24/04/2025,Expense
1727,34,Almuerzo,1.BI Premier VISA,Restaurants,Almuerzo,24/04/2025,Expense
1728,70,Fuel,1.BI Premier VISA,Fuel,Moto,25/04/2025,Expense
1729,25,Parqueo,1.BI Premier VISA,Parking,Moto,25/04/2025,Expense
1730,52.94,Almuerzo,1.BI Premier VISA,Restaurants,Almuerzo,25/04/2025,Expense
1731,50,Salida,1.BI Premier VISA,Entertainment,Kei,25/04/2025,Expense
1732,17,Groceries,1.BI Premier VISA,Groceries,,25/04/2025,Expense
1733,71.98,Almuerzo,1.BI Premier VISA,Restaurants,Almuerzo,25/04/2025,Expense
1734,20,Reintegro,Planilla BI,Cash Refund,,26/04/2025,Income
1735,22,Coffee,1.BI Premier VISA,Restaurants,Almuerzo,26/04/2025,Expense
1736,5,Groceries,Cash,Groceries,,26/04/2025,Expense
1737,15,Groceries,Cash,Groceries,,26/04/2025,Expense
1738,650,Ingles,1.BI Premier VISA,Education,,26/04/2025,Expense
1739,15,Parqueo,1.BI Premier VISA,Parking,Moto,26/04/2025,Expense
1740,5,Groceries,Cash,Groceries,,27/04/2025,Expense
1741,154.1,DR160S BAC GOLD,3.BAC Gold Mastercard,Motorcycle,DR160S,27/04/2025,Expense
1742,28,Almuerzo,1.BI Premier VISA,Restaurants,Almuerzo,27/04/2025,Expense
1743,10,Groceries,Cash,Groceries,,27/04/2025,Expense
1744,2866.22,Planilla Bi,Planilla BI,Salary,Planilla BI,27/04/2025,Income
1745,25.44,Cena,Planilla BI,Restaurants,Cena,27/04/2025,Expense
1746,70,Almuerzo,1.BI Premier VISA,Restaurants,Almuerzo,29/04/2025,Expense
1747,208.33,DR160S BI MOM,Planilla BI,Motorcycle,DR160S,30/04/2025,Expense
1748,260,Internet Bill,Planilla BI,Internet,,30/04/2025,Expense
1749,140,Housing,Planilla BI,Housing,Otros Gastos,30/04/2025,Expense
1750,20,Reintegro,Planilla BI,Cash Refund,,30/04/2025,Income
1751,73.75,Fuel,1.BI Premier VISA,Fuel,Moto,01/05/2025,Expense
1752,15.65,Groceries,1.BI Premier VISA,Groceries,,01/05/2025,Expense
1753,10,Parqueo,1.BI Premier VISA,Parking,Moto,01/05/2025,Expense
1754,30,Mantenimiento Moto,Cash,Motorcycle,Lavado,01/05/2025,Expense
1755,38.49,Suscripciones,1.BI Premier VISA,Suscripciones,,02/05/2025,Expense
1756,10,Almuerzo,Cash,Restaurants,Almuerzo,02/05/2025,Expense
1757,62,Almuerzo,1.BI Premier VISA,Restaurants,Almuerzo,03/05/2025,Expense
1758,15,Groceries,Cash,Groceries,,03/05/2025,Expense
1759,15,Groceries,Cash,Groceries,,03/05/2025,Expense
1760,15,Parqueo,1.BI Premier VISA,Parking,Moto,03/05/2025,Expense
1761,70,Almuerzo,1.BI Premier VISA,Restaurants,Salidas,04/05/2025,Expense
1762,10,Parqueo U,Cash,Parking,Universidad,04/05/2025,Expense
1763,5,Groceries,Cash,Groceries,,04/05/2025,Expense
1764,10,Membership Club Bi,Planilla BI,Subscriptions,Otros Gastos,05/05/2025,Expense
1765,77.05,Suscripciones,1.BI Premier VISA,Suscripciones,,06/05/2025,Expense
1766,15,Groceries,Cash,Groceries,,09/05/2025,Expense
1767,132,Gift,1.BI Premier VISA,Gifts,Mami,10/05/2025,Expense
1768,65,Gift,Planilla BI,Cash Refund,Mami,10/05/2025,Income
1769,31,Almuerzo,1.BI Premier VISA,Restaurants,Almuerzo,10/05/2025,Expense
1770,20.85,Groceries,1.BI Premier VISA,Groceries,,10/05/2025,Expense
1771,5,Groceries,Cash,Groceries,,10/05/2025,Expense
1772,115,Internet,1.BI Premier VISA,Internet,,10/05/2025,Expense
1773,15,Parqueo,1.BI Premier VISA,Parking,Moto,10/05/2025,Expense
1774,10,Parqueo U,Cash,Parking,Universidad,11/05/2025,Expense
1775,10,Groceries,Cash,Groceries,,11/05/2025,Expense
1776,40,Tech Day,Planilla BI,Education,,11/05/2025,Expense
1777,60,Fuel,1.BI Premier VISA,Fuel,Moto,11/05/2025,Expense
1778,650,Ingles,1.BI Premier VISA,Education,,12/05/2025,Expense
1779,15,Parqueo,1.BI Premier VISA,Parking,Moto,12/05/2025,Expense
1780,41,Cena,1.BI Premier VISA,Restaurants,Cena,12/05/2025,Expense
1781,506.25,Mensualidad U,3.BAC Gold Mastercard,Education,Universidad,13/05/2025,Expense
1782,2866.22,Planilla Bi,Planilla BI,Salary,Planilla BI,13/05/2025,Income
1783,60,Convivio,Planilla BI,Entertainment,Gastos Personales,14/05/2025,Expense
1784,20,Loss,Cash,Loss,,15/05/2025,Expense
1785,15,Almuerzo,Cash,Restaurants,Almuerzo,15/05/2025,Expense
1786,100,Reintegro,Cash,Cash Refund,,15/05/2025,Income
1787,50,Reintegro,Planilla BI,Cash Refund,,15/05/2025,Expense
1788,25,Groceries,Cash,Groceries,,15/05/2025,Expense
1789,20,Corte Pelo,Cash,Clothing,Gastos Personales,16/05/2025,Expense
1790,48,Almuerzo,1.BI Premier VISA,Restaurants,Almuerzo,17/05/2025,Expense
1791,10,Groceries,Cash,Groceries,,17/05/2025,Expense
1792,10,Groceries,Cash,Groceries,,17/05/2025,Expense
1793,15,Parqueo,1.BI Premier VISA,Parking,Moto,17/05/2025,Expense
1794,10,Groceries,Cash,Groceries,,18/05/2025,Expense
1795,10,Groceries,Cash,Groceries,,18/05/2025,Expense
1796,23,Almuerzo,Planilla BI,Restaurants,Almuerzo,18/05/2025,Expense
1797,135,Almuerzo,Planilla BI,Restaurants,Salidas,18/05/2025,Expense
1798,300,Technology,Ahorro BI,Technology,,20/05/2025,Expense
1799,66.77,Fuel,1.BI Premier VISA,Fuel,Moto,20/05/2025,Expense
1800,5,Parqueo,Cash,Parking,Moto,20/05/2025,Expense
1801,185.9,Almuerzo,1.BI Premier VISA,Restaurants,Salidas,21/05/2025,Expense
1802,10,Reintegro,Cash,Cash Refund,,21/05/2025,Income
1803,85,Almuerzo,Planilla BI,Cash Refund,Salidas,22/05/2025,Income
1804,243.83,DR160S BI PREMIER,1.BI Premier VISA,Motorcycle,DR160S,23/05/2025,Expense
1805,194.5,Housing,1.BI Premier VISA,Housing,,23/05/2025,Expense
1806,441,M.2 2TB,1.BI Premier VISA,Technology,Universidad,23/05/2025,Expense
1807,414.06,Motorcicle insurance,1.BI Premier VISA,Insurance,Moto,23/05/2025,Expense
1808,439.9,Xiaomi 14T,1.BI Premier VISA,Technology,,23/05/2025,Expense
1809,1100,Prestaciones,Planilla BI,Bonuses & Commissions,Ingles,23/05/2025,Income
1810,48,Almuerzo,1.BI Premier VISA,Restaurants,Almuerzo,24/05/2025,Expense
1811,10,Gift,Cash,Gifts,,24/05/2025,Expense
1812,15,Groceries,Cash,Groceries,,24/05/2025,Expense
1813,15,Parqueo,1.BI Premier VISA,Parking,Moto,24/05/2025,Expense
1814,60,Almuerzo,1.BI Premier VISA,Restaurants,Almuerzo,24/05/2025,Expense
1815,10,Parqueo,Cash,Parking,Moto,25/05/2025,Expense
1816,154.1,DR160S BAC GOLD,3.BAC Gold Mastercard,Motorcycle,DR160S,25/05/2025,Expense
1817,10,Groceries,Cash,Groceries,,25/05/2025,Expense
1818,58,Almuerzo,1.BI Premier VISA,Restaurants,Almuerzo,27/05/2025,Expense
1819,20,Reintegro,Planilla BI,Cash Refund,,27/05/2025,Income
1820,2859.34,Planilla Bi,Planilla BI,Salary,Planilla BI,27/05/2025,Income
1821,60,Convivio,Planilla BI,Entertainment,Gastos Personales,28/05/2025,Expense
1822,240,Housing,Ahorro BI,Housing,Gastos Personales,28/05/2025,Expense
1823,260,Internet Bill,Ahorro BI,Internet,,28/05/2025,Expense
1824,10,Mantenimiento Moto,1.BI Premier VISA,Motorcycle,,29/05/2025,Expense
1825,25,Parqueo,1.BI Premier VISA,Parking,Moto,30/05/2025,Expense
1826,75,Fuel,1.BI Premier VISA,Fuel,Moto,30/05/2025,Expense
1827,17,Desayuno,1.BI Premier VISA,Restaurants,Desayuno,30/05/2025,Expense
1828,7.25,Desayuno,1.BI Premier VISA,Restaurants,Desayuno,30/05/2025,Expense
1829,6,Groceries,1.BI Premier VISA,Groceries,,30/05/2025,Expense
1830,20,Reintegro,Planilla BI,Cash Refund,,30/05/2025,Income
1831,42.98,Mantenimiento Moto,1.BI Premier VISA,Motorcycle,Herramienta,30/05/2025,Expense
1832,35.99,Almuerzo,1.BI Premier VISA,Restaurants,Almuerzo,30/05/2025,Expense
1833,48,Almuerzo,1.BI Premier VISA,Restaurants,Almuerzo,31/05/2025,Expense
1834,10,Groceries,Cash,Groceries,,31/05/2025,Expense
1835,15,Parqueo,1.BI Premier VISA,Parking,Moto,31/05/2025,Expense
